{
    "regex_iocs": {
        "ipv4": [],
        "ipv6": [],
        "url": [],
        "md5": [],
        "sha1": [],
        "sha256": [],
        "attack_id": []
    },
    "nlp_entities": [
        {
            "text": "2025",
            "label": "DATE",
            "start": 14,
            "end": 18
        },
        {
            "text": "CY Armed Services Subcommittee on Intelligence and Special Operations",
            "label": "ORG",
            "start": 74,
            "end": 143
        },
        {
            "text": "Jeffrey Kru",
            "label": "PERSON",
            "start": 183,
            "end": 194
        },
        {
            "text": "U",
            "label": "ORG",
            "start": 224,
            "end": 225
        },
        {
            "text": "S. AirFo rce DIR ECTOR",
            "label": "PERSON",
            "start": 228,
            "end": 250
        },
        {
            "text": "DEF ENSE INT",
            "label": "PERSON",
            "start": 252,
            "end": 264
        },
        {
            "text": "NCE AG",
            "label": "ORG",
            "start": 273,
            "end": 279
        },
        {
            "text": "11",
            "label": "CARDINAL",
            "start": 332,
            "end": 334
        },
        {
            "text": "Jackson",
            "label": "PERSON",
            "start": 382,
            "end": 389
        },
        {
            "text": "Ranking",
            "label": "PERSON",
            "start": 391,
            "end": 398
        },
        {
            "text": "Crow",
            "label": "PERSON",
            "start": 406,
            "end": 410
        },
        {
            "text": "Committee",
            "label": "ORG",
            "start": 431,
            "end": 440
        },
        {
            "text": "the Defense Intelligence Agency\u2019s",
            "label": "ORG",
            "start": 482,
            "end": 515
        },
        {
            "text": "DIA",
            "label": "ORG",
            "start": 517,
            "end": 520
        },
        {
            "text": "This year",
            "label": "DATE",
            "start": 571,
            "end": 580
        },
        {
            "text": "more than in years past",
            "label": "DATE",
            "start": 582,
            "end": 605
        },
        {
            "text": "Congress",
            "label": "ORG",
            "start": 984,
            "end": 992
        },
        {
            "text": "American",
            "label": "NORP",
            "start": 1001,
            "end": 1009
        },
        {
            "text": "more than 140",
            "label": "CARDINAL",
            "start": 1488,
            "end": 1501
        },
        {
            "text": "the United States",
            "label": "GPE",
            "start": 1674,
            "end": 1691
        },
        {
            "text": "DEFENSE INTELLIGENCE AGENCY",
            "label": "ORG",
            "start": 1932,
            "end": 1959
        },
        {
            "text": "CONTENTS National Security Threats Expanding Fueled",
            "label": "ORG",
            "start": 1964,
            "end": 2015
        },
        {
            "text": "Advanced Technology",
            "label": "ORG",
            "start": 2019,
            "end": 2038
        },
        {
            "text": "Southern",
            "label": "NORP",
            "start": 2061,
            "end": 2069
        },
        {
            "text": "12",
            "label": "CARDINAL",
            "start": 2077,
            "end": 2079
        },
        {
            "text": "2",
            "label": "CARDINAL",
            "start": 2233,
            "end": 2234
        },
        {
            "text": "Unmanned Systems",
            "label": "ORG",
            "start": 2393,
            "end": 2409
        },
        {
            "text": "3",
            "label": "CARDINAL",
            "start": 2536,
            "end": 2537
        },
        {
            "text": "Cartels",
            "label": "ORG",
            "start": 2692,
            "end": 2699
        },
        {
            "text": "Drug Trafficking",
            "label": "ORG",
            "start": 2704,
            "end": 2720
        },
        {
            "text": "China",
            "label": "GPE",
            "start": 2894,
            "end": 2899
        },
        {
            "text": "8",
            "label": "CARDINAL",
            "start": 3184,
            "end": 3185
        },
        {
            "text": "Counterspace Capabilities",
            "label": "ORG",
            "start": 3196,
            "end": 3221
        },
        {
            "text": "9",
            "label": "CARDINAL",
            "start": 3320,
            "end": 3321
        },
        {
            "text": "Cyberspace Capabilities",
            "label": "PERSON",
            "start": 3322,
            "end": 3345
        },
        {
            "text": "10",
            "label": "CARDINAL",
            "start": 3464,
            "end": 3466
        },
        {
            "text": "Taiwan",
            "label": "GPE",
            "start": 3467,
            "end": 3473
        },
        {
            "text": "South China Sea",
            "label": "LOC",
            "start": 3478,
            "end": 3493
        },
        {
            "text": "Global Military Operations",
            "label": "ORG",
            "start": 3607,
            "end": 3633
        },
        {
            "text": "Russia 12 Trajectory",
            "label": "ORG",
            "start": 3749,
            "end": 3769
        },
        {
            "text": "Russia",
            "label": "GPE",
            "start": 3773,
            "end": 3779
        },
        {
            "text": "Ukraine",
            "label": "GPE",
            "start": 3789,
            "end": 3796
        },
        {
            "text": "Modernization",
            "label": "PERSON",
            "start": 3922,
            "end": 3935
        },
        {
            "text": "13",
            "label": "CARDINAL",
            "start": 4026,
            "end": 4028
        },
        {
            "text": "14",
            "label": "CARDINAL",
            "start": 4171,
            "end": 4173
        },
        {
            "text": "15",
            "label": "CARDINAL",
            "start": 4452,
            "end": 4454
        },
        {
            "text": "Destabilization Campaign",
            "label": "ORG",
            "start": 4455,
            "end": 4479
        },
        {
            "text": "15 II | 2025",
            "label": "QUANTITY",
            "start": 4740,
            "end": 4752
        },
        {
            "text": "Iran",
            "label": "GPE",
            "start": 4778,
            "end": 4782
        },
        {
            "text": "Proxy Forces",
            "label": "WORK_OF_ART",
            "start": 4791,
            "end": 4803
        },
        {
            "text": "17",
            "label": "CARDINAL",
            "start": 4804,
            "end": 4806
        },
        {
            "text": "18",
            "label": "CARDINAL",
            "start": 5101,
            "end": 5103
        },
        {
            "text": "Hizballah",
            "label": "PERSON",
            "start": 5104,
            "end": 5113
        },
        {
            "text": "HAMAS",
            "label": "ORG",
            "start": 5261,
            "end": 5266
        },
        {
            "text": "19",
            "label": "CARDINAL",
            "start": 5413,
            "end": 5415
        },
        {
            "text": "North Korea",
            "label": "GPE",
            "start": 5572,
            "end": 5583
        },
        {
            "text": "20",
            "label": "CARDINAL",
            "start": 5584,
            "end": 5586
        },
        {
            "text": "Missile Development and WMD",
            "label": "ORG",
            "start": 5720,
            "end": 5747
        },
        {
            "text": "Space and Cyberspace Capabilities",
            "label": "WORK_OF_ART",
            "start": 5855,
            "end": 5888
        },
        {
            "text": "21",
            "label": "CARDINAL",
            "start": 5989,
            "end": 5991
        },
        {
            "text": "Latin America",
            "label": "LOC",
            "start": 5992,
            "end": 6005
        },
        {
            "text": "22",
            "label": "CARDINAL",
            "start": 6006,
            "end": 6008
        },
        {
            "text": "24",
            "label": "CARDINAL",
            "start": 6160,
            "end": 6162
        },
        {
            "text": "ISIS",
            "label": "ORG",
            "start": 6163,
            "end": 6167
        },
        {
            "text": "Al-Qa\u2019ida",
            "label": "PERSON",
            "start": 6323,
            "end": 6332
        },
        {
            "text": "25",
            "label": "CARDINAL",
            "start": 6477,
            "end": 6479
        },
        {
            "text": "Southeast Asia South Asia",
            "label": "LOC",
            "start": 6480,
            "end": 6505
        },
        {
            "text": "Afghanistan",
            "label": "GPE",
            "start": 6512,
            "end": 6523
        },
        {
            "text": "27",
            "label": "CARDINAL",
            "start": 6664,
            "end": 6666
        },
        {
            "text": "India",
            "label": "GPE",
            "start": 6667,
            "end": 6672
        },
        {
            "text": "28",
            "label": "CARDINAL",
            "start": 6823,
            "end": 6825
        },
        {
            "text": "Pakistan",
            "label": "GPE",
            "start": 6826,
            "end": 6834
        },
        {
            "text": "29",
            "label": "CARDINAL",
            "start": 6979,
            "end": 6981
        },
        {
            "text": "Middle East",
            "label": "LOC",
            "start": 6982,
            "end": 6993
        },
        {
            "text": "Syria",
            "label": "GPE",
            "start": 6997,
            "end": 7002
        },
        {
            "text": "30",
            "label": "CARDINAL",
            "start": 7155,
            "end": 7157
        },
        {
            "text": "Iraq",
            "label": "GPE",
            "start": 7158,
            "end": 7162
        },
        {
            "text": "31",
            "label": "CARDINAL",
            "start": 7317,
            "end": 7319
        },
        {
            "text": "Africa",
            "label": "LOC",
            "start": 7354,
            "end": 7360
        },
        {
            "text": "North Africa",
            "label": "GPE",
            "start": 7364,
            "end": 7376
        },
        {
            "text": "32 West Africa",
            "label": "PERCENT",
            "start": 7515,
            "end": 7529
        },
        {
            "text": "33",
            "label": "CARDINAL",
            "start": 7670,
            "end": 7672
        },
        {
            "text": "East Africa",
            "label": "GPE",
            "start": 7673,
            "end": 7684
        },
        {
            "text": "Central and Southern Africa",
            "label": "ORG",
            "start": 7830,
            "end": 7857
        },
        {
            "text": "The Polar Regions Foreign Intelligence Threats Advanced Technology Global Health and Biodefense",
            "label": "ORG",
            "start": 7973,
            "end": 8068
        },
        {
            "text": "34 36",
            "label": "DATE",
            "start": 8069,
            "end": 8074
        },
        {
            "text": "37 39",
            "label": "DATE",
            "start": 8075,
            "end": 8080
        },
        {
            "text": "The United States",
            "label": "GPE",
            "start": 8182,
            "end": 8199
        },
        {
            "text": "quantum sciences",
            "label": "ORG",
            "start": 8389,
            "end": 8405
        },
        {
            "text": "U.S.",
            "label": "GPE",
            "start": 8697,
            "end": 8701
        },
        {
            "text": "the coming years",
            "label": "DATE",
            "start": 9015,
            "end": 9031
        },
        {
            "text": "1",
            "label": "CARDINAL",
            "start": 9140,
            "end": 9141
        },
        {
            "text": "Homeland",
            "label": "LOC",
            "start": 9440,
            "end": 9448
        },
        {
            "text": "Missile Threat U.S.",
            "label": "PERSON",
            "start": 9824,
            "end": 9843
        },
        {
            "text": "United States",
            "label": "GPE",
            "start": 10388,
            "end": 10401
        },
        {
            "text": "the next year",
            "label": "DATE",
            "start": 10546,
            "end": 10559
        },
        {
            "text": "West",
            "label": "LOC",
            "start": 10624,
            "end": 10628
        },
        {
            "text": "France",
            "label": "GPE",
            "start": 10664,
            "end": 10670
        },
        {
            "text": "Belgium",
            "label": "GPE",
            "start": 10675,
            "end": 10682
        },
        {
            "text": "approximately a decade ago",
            "label": "DATE",
            "start": 10683,
            "end": 10709
        },
        {
            "text": "Al-Qa\u2019ida\u2019s",
            "label": "PERSON",
            "start": 10748,
            "end": 10759
        },
        {
            "text": "Yemen",
            "label": "GPE",
            "start": 10773,
            "end": 10778
        },
        {
            "text": "1 January",
            "label": "DATE",
            "start": 10838,
            "end": 10847
        },
        {
            "text": "New Orleans",
            "label": "GPE",
            "start": 10897,
            "end": 10908
        },
        {
            "text": "spring 2024",
            "label": "DATE",
            "start": 10979,
            "end": 10990
        },
        {
            "text": "eight",
            "label": "CARDINAL",
            "start": 10992,
            "end": 10997
        },
        {
            "text": "2 | 2025",
            "label": "CARDINAL",
            "start": 11233,
            "end": 11241
        },
        {
            "text": "UxS",
            "label": "ORG",
            "start": 11322,
            "end": 11325
        },
        {
            "text": "coming years",
            "label": "DATE",
            "start": 11392,
            "end": 11404
        },
        {
            "text": "the U.S. Homeland",
            "label": "ORG",
            "start": 11910,
            "end": 11927
        },
        {
            "text": "AI",
            "label": "GPE",
            "start": 12251,
            "end": 12253
        },
        {
            "text": "5",
            "label": "CARDINAL",
            "start": 12289,
            "end": 12290
        },
        {
            "text": "approximately 80 percent",
            "label": "PERCENT",
            "start": 12424,
            "end": 12448
        },
        {
            "text": "the beginning of this year",
            "label": "DATE",
            "start": 12455,
            "end": 12481
        },
        {
            "text": "about 400",
            "label": "CARDINAL",
            "start": 12493,
            "end": 12502
        },
        {
            "text": "2024",
            "label": "DATE",
            "start": 12585,
            "end": 12589
        },
        {
            "text": "U.S. Customs and Border Protection",
            "label": "ORG",
            "start": 12599,
            "end": 12633
        },
        {
            "text": "2.1 million",
            "label": "CARDINAL",
            "start": 12643,
            "end": 12654
        },
        {
            "text": "14-percent",
            "label": "PERCENT",
            "start": 12685,
            "end": 12695
        },
        {
            "text": "nearly 2.5 million",
            "label": "CARDINAL",
            "start": 12729,
            "end": 12747
        },
        {
            "text": "2023",
            "label": "DATE",
            "start": 12771,
            "end": 12775
        },
        {
            "text": "Central and South America",
            "label": "LOC",
            "start": 12810,
            "end": 12835
        },
        {
            "text": "Latin American",
            "label": "NORP",
            "start": 12985,
            "end": 12999
        },
        {
            "text": "Drug Trafficking The Gulf Cartel",
            "label": "ORG",
            "start": 13091,
            "end": 13123
        },
        {
            "text": "Sinaloa Cartel",
            "label": "PERSON",
            "start": 13178,
            "end": 13192
        },
        {
            "text": "The Juarez Cartel",
            "label": "PERSON",
            "start": 13304,
            "end": 13321
        },
        {
            "text": "Chihuahua State",
            "label": "GPE",
            "start": 13388,
            "end": 13403
        },
        {
            "text": "Mexico",
            "label": "GPE",
            "start": 13411,
            "end": 13417
        },
        {
            "text": "MS-13 and Tren de Aragua",
            "label": "PRODUCT",
            "start": 13479,
            "end": 13503
        },
        {
            "text": "this year",
            "label": "DATE",
            "start": 13739,
            "end": 13748
        },
        {
            "text": "Mexican",
            "label": "NORP",
            "start": 13752,
            "end": 13759
        },
        {
            "text": "the first half of fiscal year 2025",
            "label": "DATE",
            "start": 13926,
            "end": 13960
        },
        {
            "text": "30 percent",
            "label": "PERCENT",
            "start": 13990,
            "end": 14000
        },
        {
            "text": "19 percent",
            "label": "PERCENT",
            "start": 14056,
            "end": 14066
        },
        {
            "text": "the previous year",
            "label": "DATE",
            "start": 14075,
            "end": 14092
        },
        {
            "text": "more than 86,000",
            "label": "CARDINAL",
            "start": 14290,
            "end": 14306
        },
        {
            "text": "Americans",
            "label": "NORP",
            "start": 14307,
            "end": 14316
        },
        {
            "text": "Cocaine",
            "label": "ORG",
            "start": 14350,
            "end": 14357
        },
        {
            "text": "4 | 2025",
            "label": "CARDINAL",
            "start": 14508,
            "end": 14516
        },
        {
            "text": "the past two years",
            "label": "DATE",
            "start": 14629,
            "end": 14647
        },
        {
            "text": "Beijing",
            "label": "GPE",
            "start": 14660,
            "end": 14667
        },
        {
            "text": "Moscow",
            "label": "GPE",
            "start": 14669,
            "end": 14675
        },
        {
            "text": "Tehran",
            "label": "GPE",
            "start": 14677,
            "end": 14683
        },
        {
            "text": "Pyongyang",
            "label": "GPE",
            "start": 14689,
            "end": 14698
        },
        {
            "text": "Russian",
            "label": "NORP",
            "start": 15992,
            "end": 15999
        },
        {
            "text": "the United Nations",
            "label": "ORG",
            "start": 16056,
            "end": 16074
        },
        {
            "text": "Brazil",
            "label": "GPE",
            "start": 16076,
            "end": 16082
        },
        {
            "text": "South Africa",
            "label": "GPE",
            "start": 16110,
            "end": 16122
        },
        {
            "text": "the Association of Southeast Asian Nations",
            "label": "ORG",
            "start": 16136,
            "end": 16178
        },
        {
            "text": "first",
            "label": "ORDINAL",
            "start": 16282,
            "end": 16287
        },
        {
            "text": "Arctic",
            "label": "LOC",
            "start": 16331,
            "end": 16337
        },
        {
            "text": "the past year",
            "label": "DATE",
            "start": 16345,
            "end": 16358
        },
        {
            "text": "North Korea\u2019s",
            "label": "GPE",
            "start": 16478,
            "end": 16491
        },
        {
            "text": "millions",
            "label": "CARDINAL",
            "start": 16788,
            "end": 16796
        },
        {
            "text": "dozens",
            "label": "CARDINAL",
            "start": 16821,
            "end": 16827
        },
        {
            "text": "more than 12,000",
            "label": "CARDINAL",
            "start": 16898,
            "end": 16914
        },
        {
            "text": "UAVs",
            "label": "ORG",
            "start": 17024,
            "end": 17028
        },
        {
            "text": "Ukrainian",
            "label": "NORP",
            "start": 17067,
            "end": 17076
        },
        {
            "text": "three",
            "label": "CARDINAL",
            "start": 17292,
            "end": 17297
        },
        {
            "text": "the next three to five years",
            "label": "DATE",
            "start": 17359,
            "end": 17387
        },
        {
            "text": "SU-35",
            "label": "PRODUCT",
            "start": 17790,
            "end": 17795
        },
        {
            "text": "the past three years",
            "label": "DATE",
            "start": 17868,
            "end": 17888
        },
        {
            "text": "SLV",
            "label": "ORG",
            "start": 17971,
            "end": 17974
        },
        {
            "text": "the next two years",
            "label": "DATE",
            "start": 18084,
            "end": 18102
        },
        {
            "text": "the Middle East",
            "label": "LOC",
            "start": 18464,
            "end": 18479
        },
        {
            "text": "last year",
            "label": "DATE",
            "start": 18849,
            "end": 18858
        },
        {
            "text": "1961",
            "label": "DATE",
            "start": 19078,
            "end": 19082
        },
        {
            "text": "6 | 2025",
            "label": "CARDINAL",
            "start": 19245,
            "end": 19253
        },
        {
            "text": "East Asia",
            "label": "LOC",
            "start": 19356,
            "end": 19365
        },
        {
            "text": "mid-century",
            "label": "DATE",
            "start": 19557,
            "end": 19568
        },
        {
            "text": "Xi Jinping",
            "label": "PERSON",
            "start": 19752,
            "end": 19762
        },
        {
            "text": "the Indo-Pacific region",
            "label": "ORG",
            "start": 19898,
            "end": 19921
        },
        {
            "text": "Washington",
            "label": "GPE",
            "start": 20082,
            "end": 20092
        },
        {
            "text": "Philippines",
            "label": "GPE",
            "start": 20517,
            "end": 20528
        },
        {
            "text": "Pacific",
            "label": "LOC",
            "start": 21025,
            "end": 21032
        },
        {
            "text": "2027",
            "label": "DATE",
            "start": 21237,
            "end": 21241
        },
        {
            "text": "2035",
            "label": "DATE",
            "start": 21246,
            "end": 21250
        },
        {
            "text": "People\u2019s Liberation Army",
            "label": "ORG",
            "start": 21313,
            "end": 21337
        },
        {
            "text": "PLA",
            "label": "ORG",
            "start": 21339,
            "end": 21342
        },
        {
            "text": "5.2 percent",
            "label": "PERCENT",
            "start": 21570,
            "end": 21581
        },
        {
            "text": "annual",
            "label": "DATE",
            "start": 21582,
            "end": 21588
        },
        {
            "text": "$247 billion",
            "label": "MONEY",
            "start": 21617,
            "end": 21629
        },
        {
            "text": "2024",
            "label": "CARDINAL",
            "start": 21707,
            "end": 21711
        },
        {
            "text": "an estimated $304-$377 billion",
            "label": "MONEY",
            "start": 21732,
            "end": 21762
        },
        {
            "text": "April",
            "label": "DATE",
            "start": 21996,
            "end": 22001
        },
        {
            "text": "7",
            "label": "CARDINAL",
            "start": 22186,
            "end": 22187
        },
        {
            "text": "Joint Sword",
            "label": "WORK_OF_ART",
            "start": 22311,
            "end": 22322
        },
        {
            "text": "The PLA Navy",
            "label": "ORG",
            "start": 22413,
            "end": 22425
        },
        {
            "text": "PLAN",
            "label": "ORG",
            "start": 22427,
            "end": 22431
        },
        {
            "text": "the South China Sea",
            "label": "LOC",
            "start": 22486,
            "end": 22505
        },
        {
            "text": "SCS",
            "label": "ORG",
            "start": 22507,
            "end": 22510
        },
        {
            "text": "Aerospace Force",
            "label": "ORG",
            "start": 22649,
            "end": 22664
        },
        {
            "text": "Cyberspace Force",
            "label": "ORG",
            "start": 22666,
            "end": 22682
        },
        {
            "text": "Joint Logistic Support Force",
            "label": "ORG",
            "start": 22715,
            "end": 22743
        },
        {
            "text": "the Central Military Commission",
            "label": "ORG",
            "start": 22759,
            "end": 22790
        },
        {
            "text": "PLA Air Force",
            "label": "ORG",
            "start": 23043,
            "end": 23056
        },
        {
            "text": "This past year",
            "label": "DATE",
            "start": 23215,
            "end": 23229
        },
        {
            "text": "fifth",
            "label": "ORDINAL",
            "start": 23259,
            "end": 23264
        },
        {
            "text": "The PLA Rocket Force",
            "label": "ORG",
            "start": 23332,
            "end": 23352
        },
        {
            "text": "1,000",
            "label": "CARDINAL",
            "start": 23427,
            "end": 23432
        },
        {
            "text": "1,300",
            "label": "CARDINAL",
            "start": 23443,
            "end": 23448
        },
        {
            "text": "500",
            "label": "CARDINAL",
            "start": 23510,
            "end": 23513
        },
        {
            "text": "400",
            "label": "CARDINAL",
            "start": 23571,
            "end": 23574
        },
        {
            "text": "350",
            "label": "CARDINAL",
            "start": 23624,
            "end": 23627
        },
        {
            "text": "300",
            "label": "CARDINAL",
            "start": 23691,
            "end": 23694
        },
        {
            "text": "Last year",
            "label": "DATE",
            "start": 23946,
            "end": 23955
        },
        {
            "text": "J-10",
            "label": "PRODUCT",
            "start": 23963,
            "end": 23967
        },
        {
            "text": "Australian",
            "label": "NORP",
            "start": 24010,
            "end": 24020
        },
        {
            "text": "UN",
            "label": "ORG",
            "start": 24064,
            "end": 24066
        },
        {
            "text": "the Yellow Sea",
            "label": "LOC",
            "start": 24108,
            "end": 24122
        },
        {
            "text": "Xi",
            "label": "PERSON",
            "start": 24134,
            "end": 24136
        },
        {
            "text": "PLA Rocket Force",
            "label": "ORG",
            "start": 24470,
            "end": 24486
        },
        {
            "text": "mid-March",
            "label": "DATE",
            "start": 24592,
            "end": 24601
        },
        {
            "text": "China\u2019s Military Commission",
            "label": "ORG",
            "start": 24647,
            "end": 24674
        },
        {
            "text": "Gen He Weidong",
            "label": "PERSON",
            "start": 24675,
            "end": 24689
        },
        {
            "text": "600",
            "label": "CARDINAL",
            "start": 24828,
            "end": 24831
        },
        {
            "text": "more than 1,000",
            "label": "CARDINAL",
            "start": 24895,
            "end": 24910
        },
        {
            "text": "2030",
            "label": "DATE",
            "start": 24943,
            "end": 24947
        },
        {
            "text": "8 |",
            "label": "QUANTITY",
            "start": 25050,
            "end": 25053
        },
        {
            "text": "at least 2035",
            "label": "CARDINAL",
            "start": 25108,
            "end": 25121
        },
        {
            "text": "ICBMs",
            "label": "GPE",
            "start": 25267,
            "end": 25272
        },
        {
            "text": "Command, Control, Communications, Computers",
            "label": "ORG",
            "start": 26024,
            "end": 26067
        },
        {
            "text": "Cyber, Intelligence, Surveillance, Reconnaissance",
            "label": "ORG",
            "start": 26069,
            "end": 26118
        },
        {
            "text": "about 500",
            "label": "CARDINAL",
            "start": 26573,
            "end": 26582
        },
        {
            "text": "second",
            "label": "ORDINAL",
            "start": 26614,
            "end": 26620
        },
        {
            "text": "Chinese",
            "label": "NORP",
            "start": 26657,
            "end": 26664
        },
        {
            "text": "thousands",
            "label": "CARDINAL",
            "start": 26690,
            "end": 26699
        },
        {
            "text": "Starlink",
            "label": "ORG",
            "start": 26772,
            "end": 26780
        },
        {
            "text": "Earth",
            "label": "LOC",
            "start": 27071,
            "end": 27076
        },
        {
            "text": "Global Positioning System",
            "label": "ORG",
            "start": 27358,
            "end": 27383
        },
        {
            "text": "Cyberspace Capabilities",
            "label": "ORG",
            "start": 27608,
            "end": 27631
        },
        {
            "text": "Cyberspace Force",
            "label": "PERSON",
            "start": 27680,
            "end": 27696
        },
        {
            "text": "the Ministry of State Security",
            "label": "ORG",
            "start": 27701,
            "end": 27731
        },
        {
            "text": "U.S. Government",
            "label": "ORG",
            "start": 27796,
            "end": 27811
        },
        {
            "text": "early 2024",
            "label": "DATE",
            "start": 28213,
            "end": 28223
        },
        {
            "text": "the U.S. Government",
            "label": "ORG",
            "start": 28225,
            "end": 28244
        },
        {
            "text": "Second Thomas Shoal",
            "label": "FAC",
            "start": 29456,
            "end": 29475
        },
        {
            "text": "2016",
            "label": "DATE",
            "start": 29487,
            "end": 29491
        },
        {
            "text": "China Coast Guard",
            "label": "ORG",
            "start": 29561,
            "end": 29578
        },
        {
            "text": "Philippine",
            "label": "NORP",
            "start": 29706,
            "end": 29716
        },
        {
            "text": "10 | 2025",
            "label": "QUANTITY",
            "start": 30392,
            "end": 30401
        },
        {
            "text": "Tanzania",
            "label": "GPE",
            "start": 30732,
            "end": 30740
        },
        {
            "text": "5 April 25",
            "label": "DATE",
            "start": 30954,
            "end": 30964
        },
        {
            "text": "Cambodian",
            "label": "NORP",
            "start": 30970,
            "end": 30979
        },
        {
            "text": "Training Center",
            "label": "ORG",
            "start": 31052,
            "end": 31067
        },
        {
            "text": "Ream Naval Base",
            "label": "FAC",
            "start": 31071,
            "end": 31086
        },
        {
            "text": "Cambodia",
            "label": "GPE",
            "start": 31090,
            "end": 31098
        },
        {
            "text": "Ministry of National Defense",
            "label": "ORG",
            "start": 31108,
            "end": 31136
        },
        {
            "text": "Ream",
            "label": "GPE",
            "start": 31318,
            "end": 31322
        },
        {
            "text": "two",
            "label": "CARDINAL",
            "start": 31355,
            "end": 31358
        },
        {
            "text": "Burma",
            "label": "GPE",
            "start": 31506,
            "end": 31511
        },
        {
            "text": "Thailand",
            "label": "GPE",
            "start": 31513,
            "end": 31521
        },
        {
            "text": "Indonesia",
            "label": "GPE",
            "start": 31523,
            "end": 31532
        },
        {
            "text": "Sri Lanka",
            "label": "GPE",
            "start": 31544,
            "end": 31553
        },
        {
            "text": "United Arab Emirates",
            "label": "GPE",
            "start": 31555,
            "end": 31575
        },
        {
            "text": "Cuba",
            "label": "GPE",
            "start": 31577,
            "end": 31581
        },
        {
            "text": "Kenya",
            "label": "GPE",
            "start": 31583,
            "end": 31588
        },
        {
            "text": "Equatorial Guinea",
            "label": "GPE",
            "start": 31590,
            "end": 31607
        },
        {
            "text": "Seychelles",
            "label": "GPE",
            "start": 31609,
            "end": 31619
        },
        {
            "text": "Angola",
            "label": "GPE",
            "start": 31631,
            "end": 31637
        },
        {
            "text": "Nigeria",
            "label": "GPE",
            "start": 31639,
            "end": 31646
        },
        {
            "text": "Namibia",
            "label": "GPE",
            "start": 31648,
            "end": 31655
        },
        {
            "text": "Mozambique",
            "label": "GPE",
            "start": 31657,
            "end": 31667
        },
        {
            "text": "Bangladesh",
            "label": "GPE",
            "start": 31676,
            "end": 31686
        },
        {
            "text": "Papua New Guinea",
            "label": "GPE",
            "start": 31688,
            "end": 31704
        },
        {
            "text": "Solomon Islands",
            "label": "GPE",
            "start": 31706,
            "end": 31721
        },
        {
            "text": "Tajikistan",
            "label": "NORP",
            "start": 31727,
            "end": 31737
        },
        {
            "text": "RUSSIA",
            "label": "ORG",
            "start": 31772,
            "end": 31778
        },
        {
            "text": "Vladimir Putin",
            "label": "PERSON",
            "start": 31797,
            "end": 31811
        },
        {
            "text": "Putin",
            "label": "PERSON",
            "start": 31932,
            "end": 31937
        },
        {
            "text": "the North Atlantic Treaty Organization",
            "label": "ORG",
            "start": 32202,
            "end": 32240
        },
        {
            "text": "NATO",
            "label": "ORG",
            "start": 32242,
            "end": 32246
        },
        {
            "text": "Kyiv",
            "label": "PERSON",
            "start": 32264,
            "end": 32268
        },
        {
            "text": "Donetsk",
            "label": "GPE",
            "start": 32307,
            "end": 32314
        },
        {
            "text": "Luhansk",
            "label": "GPE",
            "start": 32316,
            "end": 32323
        },
        {
            "text": "Zaporizhzhia",
            "label": "PERSON",
            "start": 32325,
            "end": 32337
        },
        {
            "text": "Kherson Oblasts",
            "label": "ORG",
            "start": 32343,
            "end": 32358
        },
        {
            "text": "the U.S. Homeland",
            "label": "LOC",
            "start": 32831,
            "end": 32848
        },
        {
            "text": "the Soviet Union",
            "label": "GPE",
            "start": 32986,
            "end": 33002
        },
        {
            "text": "1991",
            "label": "DATE",
            "start": 33016,
            "end": 33020
        },
        {
            "text": "Soviet",
            "label": "NORP",
            "start": 33057,
            "end": 33063
        },
        {
            "text": "Western",
            "label": "NORP",
            "start": 33528,
            "end": 33535
        },
        {
            "text": "at least 10,000",
            "label": "CARDINAL",
            "start": 33796,
            "end": 33811
        },
        {
            "text": "more than 3,000",
            "label": "CARDINAL",
            "start": 33846,
            "end": 33861
        },
        {
            "text": "more than 10",
            "label": "CARDINAL",
            "start": 33921,
            "end": 33933
        },
        {
            "text": "more than 700,000",
            "label": "CARDINAL",
            "start": 33972,
            "end": 33989
        },
        {
            "text": "Luhansk Oblasts",
            "label": "ORG",
            "start": 34120,
            "end": 34135
        },
        {
            "text": "Kursk",
            "label": "PRODUCT",
            "start": 34172,
            "end": 34177
        },
        {
            "text": "more than 10,000",
            "label": "CARDINAL",
            "start": 34217,
            "end": 34233
        },
        {
            "text": "North Korean",
            "label": "NORP",
            "start": 34234,
            "end": 34246
        },
        {
            "text": "one",
            "label": "CARDINAL",
            "start": 34411,
            "end": 34414
        },
        {
            "text": "UAVs",
            "label": "PRODUCT",
            "start": 34426,
            "end": 34430
        },
        {
            "text": "12 |",
            "label": "QUANTITY",
            "start": 34787,
            "end": 34791
        },
        {
            "text": "more than 170,000",
            "label": "CARDINAL",
            "start": 35400,
            "end": 35417
        },
        {
            "text": "Modernization Russia\u2019s",
            "label": "PERSON",
            "start": 35476,
            "end": 35498
        },
        {
            "text": "at least the next three years",
            "label": "DATE",
            "start": 35604,
            "end": 35633
        },
        {
            "text": "at least $150 billion",
            "label": "MONEY",
            "start": 36113,
            "end": 36134
        },
        {
            "text": "approximately 40 percent",
            "label": "PERCENT",
            "start": 36266,
            "end": 36290
        },
        {
            "text": "The Russian Navy",
            "label": "ORG",
            "start": 36597,
            "end": 36613
        },
        {
            "text": "Navy",
            "label": "ORG",
            "start": 36896,
            "end": 36900
        },
        {
            "text": "September",
            "label": "DATE",
            "start": 36950,
            "end": 36959
        },
        {
            "text": "The Russian navy",
            "label": "ORG",
            "start": 37068,
            "end": 37084
        },
        {
            "text": "Pacific Fleet",
            "label": "ORG",
            "start": 37198,
            "end": 37211
        },
        {
            "text": "Russia\u2019s Aerospace Forces",
            "label": "ORG",
            "start": 37329,
            "end": 37354
        },
        {
            "text": "Aerospace Forces",
            "label": "ORG",
            "start": 37403,
            "end": 37419
        },
        {
            "text": "between 2023 and 2024",
            "label": "DATE",
            "start": 38505,
            "end": 38526
        },
        {
            "text": "the Russian Foreign Intelligence Service",
            "label": "ORG",
            "start": 38557,
            "end": 38597
        },
        {
            "text": "Microsoft",
            "label": "ORG",
            "start": 38639,
            "end": 38648
        },
        {
            "text": "pro-Russian",
            "label": "NORP",
            "start": 38810,
            "end": 38821
        },
        {
            "text": "the Cyber Army of",
            "label": "ORG",
            "start": 38919,
            "end": 38936
        },
        {
            "text": "Russia Reborn",
            "label": "ORG",
            "start": 38937,
            "end": 38950
        },
        {
            "text": "Counterspace Capabilities Many",
            "label": "ORG",
            "start": 39292,
            "end": 39322
        },
        {
            "text": "One",
            "label": "CARDINAL",
            "start": 39718,
            "end": 39721
        },
        {
            "text": "the 1967 Outer Space Treaty\u2019s",
            "label": "ORG",
            "start": 40209,
            "end": 40238
        },
        {
            "text": "about 1,550",
            "label": "CARDINAL",
            "start": 40887,
            "end": 40898
        },
        {
            "text": "up to 2,000",
            "label": "CARDINAL",
            "start": 40931,
            "end": 40942
        },
        {
            "text": "Belarus",
            "label": "GPE",
            "start": 41010,
            "end": 41017
        },
        {
            "text": "Belarusian",
            "label": "NORP",
            "start": 41141,
            "end": 41151
        },
        {
            "text": "fourth",
            "label": "ORDINAL",
            "start": 41637,
            "end": 41643
        },
        {
            "text": "2018",
            "label": "DATE",
            "start": 41692,
            "end": 41696
        },
        {
            "text": "2020",
            "label": "DATE",
            "start": 41701,
            "end": 41705
        },
        {
            "text": "2002",
            "label": "DATE",
            "start": 41772,
            "end": 41776
        },
        {
            "text": "2005",
            "label": "DATE",
            "start": 41781,
            "end": 41785
        },
        {
            "text": "at least January 2024",
            "label": "DATE",
            "start": 42009,
            "end": 42030
        },
        {
            "text": "Europe",
            "label": "LOC",
            "start": 42164,
            "end": 42170
        },
        {
            "text": "Indo-Pacific",
            "label": "ORG",
            "start": 42759,
            "end": 42771
        },
        {
            "text": "Global South",
            "label": "LOC",
            "start": 42847,
            "end": 42859
        },
        {
            "text": "the Mediterranean Sea",
            "label": "LOC",
            "start": 42947,
            "end": 42968
        },
        {
            "text": "Red Sea",
            "label": "LOC",
            "start": 42970,
            "end": 42977
        },
        {
            "text": "Indian Ocean",
            "label": "LOC",
            "start": 42983,
            "end": 42995
        },
        {
            "text": "Union State Treaty",
            "label": "ORG",
            "start": 43216,
            "end": 43234
        },
        {
            "text": "Belarus",
            "label": "ORG",
            "start": 43355,
            "end": 43362
        },
        {
            "text": "Armenia",
            "label": "ORG",
            "start": 43712,
            "end": 43719
        },
        {
            "text": "the Collective Security Treaty Organization",
            "label": "ORG",
            "start": 43747,
            "end": 43790
        },
        {
            "text": "Armenian",
            "label": "NORP",
            "start": 43843,
            "end": 43851
        },
        {
            "text": "pro-Western",
            "label": "NORP",
            "start": 43875,
            "end": 43886
        },
        {
            "text": "Georgia",
            "label": "GPE",
            "start": 43902,
            "end": 43909
        },
        {
            "text": "October",
            "label": "DATE",
            "start": 44023,
            "end": 44030
        },
        {
            "text": "the Georgia Dream",
            "label": "ORG",
            "start": 44032,
            "end": 44049
        },
        {
            "text": "Central Asia",
            "label": "LOC",
            "start": 44156,
            "end": 44168
        },
        {
            "text": "Commonwealth of Independent States",
            "label": "ORG",
            "start": 44591,
            "end": 44625
        },
        {
            "text": "Shanghai Cooperation Organization",
            "label": "ORG",
            "start": 44631,
            "end": 44664
        },
        {
            "text": "Central Asia\u2019s",
            "label": "LOC",
            "start": 44688,
            "end": 44702
        },
        {
            "text": "Sahel",
            "label": "PERSON",
            "start": 44875,
            "end": 44880
        },
        {
            "text": "post-Asad Syria",
            "label": "ORG",
            "start": 45510,
            "end": 45525
        },
        {
            "text": "IRAN",
            "label": "GPE",
            "start": 45623,
            "end": 45627
        },
        {
            "text": "Israeli",
            "label": "NORP",
            "start": 45649,
            "end": 45656
        },
        {
            "text": "Qods Force",
            "label": "PERSON",
            "start": 45747,
            "end": 45757
        },
        {
            "text": "October 2023",
            "label": "DATE",
            "start": 45792,
            "end": 45804
        },
        {
            "text": "Israel",
            "label": "GPE",
            "start": 45854,
            "end": 45860
        },
        {
            "text": "Axis of Resistance",
            "label": "ORG",
            "start": 46162,
            "end": 46180
        },
        {
            "text": "Iraqi",
            "label": "NORP",
            "start": 46349,
            "end": 46354
        },
        {
            "text": "Shia",
            "label": "NORP",
            "start": 46355,
            "end": 46359
        },
        {
            "text": "Syrian",
            "label": "NORP",
            "start": 46370,
            "end": 46376
        },
        {
            "text": "Huthis",
            "label": "NORP",
            "start": 46396,
            "end": 46402
        },
        {
            "text": "March 2025",
            "label": "DATE",
            "start": 46488,
            "end": 46498
        },
        {
            "text": "Gaza",
            "label": "GPE",
            "start": 46553,
            "end": 46557
        },
        {
            "text": "December 2024",
            "label": "DATE",
            "start": 46564,
            "end": 46577
        },
        {
            "text": "Iranian",
            "label": "NORP",
            "start": 46597,
            "end": 46604
        },
        {
            "text": "Asad",
            "label": "NORP",
            "start": 46637,
            "end": 46641
        },
        {
            "text": "Lebanon",
            "label": "GPE",
            "start": 46914,
            "end": 46921
        },
        {
            "text": "Iranian Military Activity",
            "label": "ORG",
            "start": 46956,
            "end": 46981
        },
        {
            "text": "April 2024",
            "label": "DATE",
            "start": 47274,
            "end": 47284
        },
        {
            "text": "approximately 300",
            "label": "CARDINAL",
            "start": 47428,
            "end": 47445
        },
        {
            "text": "October 2024",
            "label": "DATE",
            "start": 47482,
            "end": 47494
        },
        {
            "text": "approximately 200",
            "label": "CARDINAL",
            "start": 47548,
            "end": 47565
        },
        {
            "text": "Hizballah",
            "label": "GPE",
            "start": 47638,
            "end": 47647
        },
        {
            "text": "UAV",
            "label": "ORG",
            "start": 48210,
            "end": 48213
        },
        {
            "text": "the coming year",
            "label": "DATE",
            "start": 48778,
            "end": 48793
        },
        {
            "text": "Gulf",
            "label": "LOC",
            "start": 48951,
            "end": 48955
        },
        {
            "text": "the Persian Gulf",
            "label": "LOC",
            "start": 49072,
            "end": 49088
        },
        {
            "text": "IRGC-QF",
            "label": "ORG",
            "start": 49295,
            "end": 49302
        },
        {
            "text": "Qasem Soleimani",
            "label": "PERSON",
            "start": 49313,
            "end": 49328
        },
        {
            "text": "Jewish",
            "label": "NORP",
            "start": 49354,
            "end": 49360
        },
        {
            "text": "recent years",
            "label": "DATE",
            "start": 49490,
            "end": 49502
        },
        {
            "text": "2019",
            "label": "DATE",
            "start": 49574,
            "end": 49578
        },
        {
            "text": "Joint Comprehensive Plan of Action",
            "label": "WORK_OF_ART",
            "start": 49627,
            "end": 49661
        },
        {
            "text": "International Atomic Energy Agency",
            "label": "ORG",
            "start": 49813,
            "end": 49847
        },
        {
            "text": "Fordow Fuel Enrichment Plant",
            "label": "ORG",
            "start": 49921,
            "end": 49949
        },
        {
            "text": "less than one week",
            "label": "DATE",
            "start": 50073,
            "end": 50091
        },
        {
            "text": "pre-2003",
            "label": "DATE",
            "start": 50256,
            "end": 50264
        },
        {
            "text": "April 2025",
            "label": "DATE",
            "start": 50300,
            "end": 50310
        },
        {
            "text": "Hizballah Hizballah\u2019s",
            "label": "PERSON",
            "start": 50626,
            "end": 50647
        },
        {
            "text": "at least 50 percent",
            "label": "PERCENT",
            "start": 50777,
            "end": 50796
        },
        {
            "text": "Hizballah",
            "label": "ORG",
            "start": 50800,
            "end": 50809
        },
        {
            "text": "September 2024",
            "label": "DATE",
            "start": 50869,
            "end": 50883
        },
        {
            "text": "Hassan Nasrallah",
            "label": "PERSON",
            "start": 50913,
            "end": 50929
        },
        {
            "text": "18 | 2025",
            "label": "TIME",
            "start": 50938,
            "end": 50947
        },
        {
            "text": "the next six months",
            "label": "DATE",
            "start": 51252,
            "end": 51271
        },
        {
            "text": "this spring",
            "label": "DATE",
            "start": 51382,
            "end": 51393
        },
        {
            "text": "IDF",
            "label": "ORG",
            "start": 51399,
            "end": 51402
        },
        {
            "text": "November 2023",
            "label": "DATE",
            "start": 51795,
            "end": 51808
        },
        {
            "text": "Huthis",
            "label": "GPE",
            "start": 51826,
            "end": 51832
        },
        {
            "text": "nearly 200",
            "label": "CARDINAL",
            "start": 51847,
            "end": 51857
        },
        {
            "text": "more than 30",
            "label": "CARDINAL",
            "start": 51885,
            "end": 51897
        },
        {
            "text": "at least 10",
            "label": "CARDINAL",
            "start": 51924,
            "end": 51935
        },
        {
            "text": "the Red Sea",
            "label": "LOC",
            "start": 51951,
            "end": 51962
        },
        {
            "text": "Aden",
            "label": "GPE",
            "start": 51972,
            "end": 51976
        },
        {
            "text": "Mediterranean",
            "label": "LOC",
            "start": 52033,
            "end": 52046
        },
        {
            "text": "70 percent",
            "label": "PERCENT",
            "start": 52211,
            "end": 52221
        },
        {
            "text": "Huthi",
            "label": "ORG",
            "start": 52786,
            "end": 52791
        },
        {
            "text": "NORTH KOREA",
            "label": "GPE",
            "start": 53362,
            "end": 53373
        },
        {
            "text": "Kim Jong Un",
            "label": "PERSON",
            "start": 53394,
            "end": 53405
        },
        {
            "text": "decades",
            "label": "DATE",
            "start": 53549,
            "end": 53556
        },
        {
            "text": "Northeast Asia",
            "label": "LOC",
            "start": 53635,
            "end": 53649
        },
        {
            "text": "The Korean People\u2019s Army",
            "label": "ORG",
            "start": 53765,
            "end": 53789
        },
        {
            "text": "KPA",
            "label": "ORG",
            "start": 53791,
            "end": 53794
        },
        {
            "text": "more than one million",
            "label": "CARDINAL",
            "start": 54065,
            "end": 54086
        },
        {
            "text": "more than seven million",
            "label": "MONEY",
            "start": 54113,
            "end": 54136
        },
        {
            "text": "The KPA Special Operations Force",
            "label": "ORG",
            "start": 54361,
            "end": 54393
        },
        {
            "text": "South Korea",
            "label": "GPE",
            "start": 54473,
            "end": 54484
        },
        {
            "text": "the Indo-Pacific",
            "label": "ORG",
            "start": 54810,
            "end": 54826
        },
        {
            "text": "20 |",
            "label": "QUANTITY",
            "start": 55783,
            "end": 55787
        },
        {
            "text": "early 2021",
            "label": "DATE",
            "start": 55977,
            "end": 55987
        },
        {
            "text": "Kim",
            "label": "PERSON",
            "start": 55989,
            "end": 55992
        },
        {
            "text": "five-year",
            "label": "DATE",
            "start": 56004,
            "end": 56013
        },
        {
            "text": "seventh",
            "label": "ORDINAL",
            "start": 56484,
            "end": 56491
        },
        {
            "text": "late 2023",
            "label": "DATE",
            "start": 56749,
            "end": 56758
        },
        {
            "text": "third",
            "label": "ORDINAL",
            "start": 57943,
            "end": 57948
        },
        {
            "text": "LATIN AMERICA",
            "label": "ORG",
            "start": 58031,
            "end": 58044
        },
        {
            "text": "Haiti",
            "label": "GPE",
            "start": 58342,
            "end": 58347
        },
        {
            "text": "one-year",
            "label": "DATE",
            "start": 58524,
            "end": 58532
        },
        {
            "text": "the UN Multinational Security Support",
            "label": "ORG",
            "start": 58544,
            "end": 58581
        },
        {
            "text": "hundreds of thousands",
            "label": "CARDINAL",
            "start": 58708,
            "end": 58729
        },
        {
            "text": "Haitians",
            "label": "NORP",
            "start": 58733,
            "end": 58741
        },
        {
            "text": "MSS",
            "label": "ORG",
            "start": 58817,
            "end": 58820
        },
        {
            "text": "Colombian",
            "label": "NORP",
            "start": 58877,
            "end": 58886
        },
        {
            "text": "Ecuadorian",
            "label": "NORP",
            "start": 58891,
            "end": 58901
        },
        {
            "text": "Colombia",
            "label": "GPE",
            "start": 58961,
            "end": 58969
        },
        {
            "text": "Ecuador",
            "label": "GPE",
            "start": 58993,
            "end": 59000
        },
        {
            "text": "Cuban",
            "label": "NORP",
            "start": 59370,
            "end": 59375
        },
        {
            "text": "November",
            "label": "DATE",
            "start": 59791,
            "end": 59799
        },
        {
            "text": "Peruvian",
            "label": "NORP",
            "start": 59808,
            "end": 59816
        },
        {
            "text": "Dina Boluarte",
            "label": "PERSON",
            "start": 59827,
            "end": 59840
        },
        {
            "text": "South America",
            "label": "LOC",
            "start": 59931,
            "end": 59944
        },
        {
            "text": "seven",
            "label": "CARDINAL",
            "start": 59969,
            "end": 59974
        },
        {
            "text": "the Panama Canal\u2019s",
            "label": "FAC",
            "start": 60062,
            "end": 60080
        },
        {
            "text": "Canal",
            "label": "LOC",
            "start": 60199,
            "end": 60204
        },
        {
            "text": "Canal",
            "label": "FAC",
            "start": 60300,
            "end": 60305
        },
        {
            "text": "Panamanian",
            "label": "NORP",
            "start": 60315,
            "end": 60325
        },
        {
            "text": "June",
            "label": "DATE",
            "start": 60639,
            "end": 60643
        },
        {
            "text": "23",
            "label": "CARDINAL",
            "start": 60874,
            "end": 60876
        },
        {
            "text": "The Islamic State of Iraq",
            "label": "ORG",
            "start": 60887,
            "end": 60912
        },
        {
            "text": "ISIS\u2019s",
            "label": "ORG",
            "start": 60929,
            "end": 60935
        },
        {
            "text": "al-Qa\u2019ida\u2019s",
            "label": "PERSON",
            "start": 60941,
            "end": 60952
        },
        {
            "text": "Asad",
            "label": "ORG",
            "start": 61158,
            "end": 61162
        },
        {
            "text": "al-Qa\u2019ida",
            "label": "PERSON",
            "start": 61189,
            "end": 61198
        },
        {
            "text": "European",
            "label": "NORP",
            "start": 61484,
            "end": 61492
        },
        {
            "text": "South Asia",
            "label": "LOC",
            "start": 62065,
            "end": 62075
        },
        {
            "text": "ISIS-Khorasan",
            "label": "ORG",
            "start": 62335,
            "end": 62348
        },
        {
            "text": "Taliban",
            "label": "ORG",
            "start": 62392,
            "end": 62399
        },
        {
            "text": "January 2024",
            "label": "DATE",
            "start": 62490,
            "end": 62502
        },
        {
            "text": "Kerman",
            "label": "GPE",
            "start": 62515,
            "end": 62521
        },
        {
            "text": "March 2024",
            "label": "DATE",
            "start": 62537,
            "end": 62547
        },
        {
            "text": "ISIS-Somalia",
            "label": "ORG",
            "start": 62579,
            "end": 62591
        },
        {
            "text": "West Africa",
            "label": "GPE",
            "start": 62712,
            "end": 62723
        },
        {
            "text": "late 2024",
            "label": "DATE",
            "start": 62961,
            "end": 62970
        },
        {
            "text": "early 2025",
            "label": "DATE",
            "start": 62975,
            "end": 62985
        },
        {
            "text": "the Hayat Tahrir al-Sham",
            "label": "ORG",
            "start": 63307,
            "end": 63331
        },
        {
            "text": "Ayman al-Zawahiri",
            "label": "PERSON",
            "start": 63623,
            "end": 63640
        },
        {
            "text": "2022",
            "label": "DATE",
            "start": 63660,
            "end": 63664
        },
        {
            "text": "Sayf al-Adl",
            "label": "PERSON",
            "start": 63715,
            "end": 63726
        },
        {
            "text": "al-Shabaab",
            "label": "ORG",
            "start": 64042,
            "end": 64052
        },
        {
            "text": "Somalia",
            "label": "GPE",
            "start": 64056,
            "end": 64063
        },
        {
            "text": "Al-Shabaab",
            "label": "PERSON",
            "start": 64166,
            "end": 64176
        },
        {
            "text": "Hurras al-Din",
            "label": "PERSON",
            "start": 64394,
            "end": 64407
        },
        {
            "text": "the Arabian Peninsula",
            "label": "LOC",
            "start": 64637,
            "end": 64658
        },
        {
            "text": "Naval Air Station Pensacola",
            "label": "FAC",
            "start": 64852,
            "end": 64879
        },
        {
            "text": "SOUTHEAST ASIA",
            "label": "LOC",
            "start": 64922,
            "end": 64936
        },
        {
            "text": "Southeast Asian",
            "label": "NORP",
            "start": 64942,
            "end": 64957
        },
        {
            "text": "ASEAN",
            "label": "ORG",
            "start": 65202,
            "end": 65207
        },
        {
            "text": "Sabina Shoal",
            "label": "PERSON",
            "start": 65964,
            "end": 65976
        },
        {
            "text": "Scarborough Reef",
            "label": "ORG",
            "start": 65982,
            "end": 65998
        },
        {
            "text": "Second",
            "label": "ORDINAL",
            "start": 66018,
            "end": 66024
        },
        {
            "text": "mid-June 2024",
            "label": "DATE",
            "start": 66052,
            "end": 66065
        },
        {
            "text": "China\u2019s Coast Guard",
            "label": "ORG",
            "start": 66115,
            "end": 66134
        },
        {
            "text": "CCG",
            "label": "ORG",
            "start": 66136,
            "end": 66139
        },
        {
            "text": "at least one",
            "label": "CARDINAL",
            "start": 66213,
            "end": 66225
        },
        {
            "text": "Philippine Navy",
            "label": "ORG",
            "start": 66226,
            "end": 66241
        },
        {
            "text": "Philippine Coast Guard",
            "label": "ORG",
            "start": 66341,
            "end": 66363
        },
        {
            "text": "Sabina Shoal",
            "label": "ORG",
            "start": 66382,
            "end": 66394
        },
        {
            "text": "Scarborough Reef",
            "label": "FAC",
            "start": 66518,
            "end": 66534
        },
        {
            "text": "Australia",
            "label": "GPE",
            "start": 66974,
            "end": 66983
        },
        {
            "text": "Japan",
            "label": "GPE",
            "start": 66985,
            "end": 66990
        },
        {
            "text": "26",
            "label": "CARDINAL",
            "start": 67170,
            "end": 67172
        },
        {
            "text": "SOUTH ASIA South Asia\u2019s",
            "label": "LOC",
            "start": 67205,
            "end": 67228
        },
        {
            "text": "Doha Agreement",
            "label": "WORK_OF_ART",
            "start": 68124,
            "end": 68138
        },
        {
            "text": "Tehrik",
            "label": "ORG",
            "start": 68262,
            "end": 68268
        },
        {
            "text": "Afghan",
            "label": "NORP",
            "start": 68364,
            "end": 68370
        },
        {
            "text": "Jaysh al-Adl",
            "label": "PERSON",
            "start": 68824,
            "end": 68836
        },
        {
            "text": "the Russia Ministry of Foreign Affairs",
            "label": "ORG",
            "start": 69168,
            "end": 69206
        },
        {
            "text": "Indian",
            "label": "NORP",
            "start": 69743,
            "end": 69749
        },
        {
            "text": "Narenda Modi\u2019s",
            "label": "PERSON",
            "start": 69765,
            "end": 69779
        },
        {
            "text": "New Dehli\u2019s",
            "label": "ORG",
            "start": 69887,
            "end": 69898
        },
        {
            "text": "mid-May",
            "label": "DATE",
            "start": 70053,
            "end": 70060
        },
        {
            "text": "Jammu",
            "label": "GPE",
            "start": 70149,
            "end": 70154
        },
        {
            "text": "Kashmir",
            "label": "LOC",
            "start": 70159,
            "end": 70166
        },
        {
            "text": "New Delhi",
            "label": "GPE",
            "start": 70168,
            "end": 70177
        },
        {
            "text": "7 to 10 May",
            "label": "DATE",
            "start": 70409,
            "end": 70420
        },
        {
            "text": "10 May",
            "label": "DATE",
            "start": 70428,
            "end": 70434
        },
        {
            "text": "the Indian Ocean",
            "label": "LOC",
            "start": 70627,
            "end": 70643
        },
        {
            "text": "Quadrilateral",
            "label": "GPE",
            "start": 70850,
            "end": 70863
        },
        {
            "text": "BRICS",
            "label": "GPE",
            "start": 70865,
            "end": 70870
        },
        {
            "text": "late October 2024",
            "label": "DATE",
            "start": 70922,
            "end": 70939
        },
        {
            "text": "Line of Actual Control",
            "label": "ORG",
            "start": 71060,
            "end": 71082
        },
        {
            "text": "Ladakh",
            "label": "PERSON",
            "start": 71094,
            "end": 71100
        },
        {
            "text": "the Line of Actual Control",
            "label": "FAC",
            "start": 71303,
            "end": 71329
        },
        {
            "text": "Made in",
            "label": "WORK_OF_ART",
            "start": 71383,
            "end": 71390
        },
        {
            "text": "Agni-I Prime MRBM",
            "label": "LAW",
            "start": 71625,
            "end": 71642
        },
        {
            "text": "Modi",
            "label": "GPE",
            "start": 72105,
            "end": 72109
        },
        {
            "text": "28 |",
            "label": "CARDINAL",
            "start": 72414,
            "end": 72418
        },
        {
            "text": "Pakistani",
            "label": "NORP",
            "start": 72484,
            "end": 72493
        },
        {
            "text": "Baloch",
            "label": "GPE",
            "start": 72638,
            "end": 72644
        },
        {
            "text": "daily",
            "label": "DATE",
            "start": 72740,
            "end": 72745
        },
        {
            "text": "more than 2,500",
            "label": "CARDINAL",
            "start": 72796,
            "end": 72811
        },
        {
            "text": "every year",
            "label": "DATE",
            "start": 73440,
            "end": 73450
        },
        {
            "text": "November 2024",
            "label": "DATE",
            "start": 73511,
            "end": 73524
        },
        {
            "text": "Hong Kong",
            "label": "GPE",
            "start": 73693,
            "end": 73702
        },
        {
            "text": "Singapore",
            "label": "GPE",
            "start": 73704,
            "end": 73713
        },
        {
            "text": "Turkey",
            "label": "GPE",
            "start": 73715,
            "end": 73721
        },
        {
            "text": "the United Arab Emirates",
            "label": "GPE",
            "start": 73727,
            "end": 73751
        },
        {
            "text": "MIDDLE EAST Regional",
            "label": "LOC",
            "start": 74543,
            "end": 74563
        },
        {
            "text": "Arab",
            "label": "NORP",
            "start": 74881,
            "end": 74885
        },
        {
            "text": "11-day",
            "label": "DATE",
            "start": 75118,
            "end": 75124
        },
        {
            "text": "Aleppo",
            "label": "NORP",
            "start": 75207,
            "end": 75213
        },
        {
            "text": "Hama",
            "label": "PERSON",
            "start": 75215,
            "end": 75219
        },
        {
            "text": "Homs",
            "label": "GPE",
            "start": 75221,
            "end": 75225
        },
        {
            "text": "Damascus",
            "label": "GPE",
            "start": 75230,
            "end": 75238
        },
        {
            "text": "the Syrian Arab Army",
            "label": "ORG",
            "start": 75271,
            "end": 75291
        },
        {
            "text": "Bashar al-Asad",
            "label": "PERSON",
            "start": 75306,
            "end": 75320
        },
        {
            "text": "Ahmad Husayn al-Shara",
            "label": "PERSON",
            "start": 75410,
            "end": 75431
        },
        {
            "text": "the Syrian Democratic Forces",
            "label": "ORG",
            "start": 76123,
            "end": 76151
        },
        {
            "text": "SDF",
            "label": "ORG",
            "start": 76153,
            "end": 76156
        },
        {
            "text": "January",
            "label": "DATE",
            "start": 76474,
            "end": 76481
        },
        {
            "text": "Syrians",
            "label": "NORP",
            "start": 76747,
            "end": 76754
        },
        {
            "text": "Turkish",
            "label": "NORP",
            "start": 76809,
            "end": 76816
        },
        {
            "text": "Ankara",
            "label": "GPE",
            "start": 76912,
            "end": 76918
        },
        {
            "text": "30 | 2025",
            "label": "CARDINAL",
            "start": 77216,
            "end": 77225
        },
        {
            "text": "Kurdish",
            "label": "NORP",
            "start": 77392,
            "end": 77399
        },
        {
            "text": "the Kurdistan Workers\u2019 Party",
            "label": "ORG",
            "start": 77937,
            "end": 77965
        },
        {
            "text": "the UN Disengagement Observer Force",
            "label": "ORG",
            "start": 78504,
            "end": 78539
        },
        {
            "text": "more than 200",
            "label": "CARDINAL",
            "start": 78654,
            "end": 78667
        },
        {
            "text": "Jordan",
            "label": "GPE",
            "start": 78752,
            "end": 78758
        },
        {
            "text": "more than 250",
            "label": "CARDINAL",
            "start": 78764,
            "end": 78777
        },
        {
            "text": "September 2025",
            "label": "DATE",
            "start": 79245,
            "end": 79259
        },
        {
            "text": "US",
            "label": "GPE",
            "start": 79321,
            "end": 79323
        },
        {
            "text": "19 January 2025",
            "label": "DATE",
            "start": 79365,
            "end": 79380
        },
        {
            "text": "ISF",
            "label": "ORG",
            "start": 79404,
            "end": 79407
        },
        {
            "text": "at least two years",
            "label": "DATE",
            "start": 79761,
            "end": 79779
        },
        {
            "text": "ISIS-Iraq",
            "label": "ORG",
            "start": 79796,
            "end": 79805
        },
        {
            "text": "AFRICA",
            "label": "LOC",
            "start": 79944,
            "end": 79950
        },
        {
            "text": "African",
            "label": "NORP",
            "start": 79956,
            "end": 79963
        },
        {
            "text": "53",
            "label": "CARDINAL",
            "start": 80534,
            "end": 80536
        },
        {
            "text": "ninth",
            "label": "ORDINAL",
            "start": 80573,
            "end": 80578
        },
        {
            "text": "China-Africa Cooperation",
            "label": "ORG",
            "start": 80588,
            "end": 80612
        },
        {
            "text": "Gabon",
            "label": "PERSON",
            "start": 80717,
            "end": 80722
        },
        {
            "text": "Mozambique",
            "label": "ORG",
            "start": 80727,
            "end": 80737
        },
        {
            "text": "August 2024",
            "label": "DATE",
            "start": 80981,
            "end": 80992
        },
        {
            "text": "Burkina Faso",
            "label": "GPE",
            "start": 81039,
            "end": 81051
        },
        {
            "text": "Central African",
            "label": "NORP",
            "start": 81053,
            "end": 81068
        },
        {
            "text": "Mali",
            "label": "PERSON",
            "start": 81098,
            "end": 81102
        },
        {
            "text": "Niger",
            "label": "PERSON",
            "start": 81108,
            "end": 81113
        },
        {
            "text": "anti-Western",
            "label": "NORP",
            "start": 81432,
            "end": 81444
        },
        {
            "text": "more than 6,100",
            "label": "CARDINAL",
            "start": 81546,
            "end": 81561
        },
        {
            "text": "Salafi",
            "label": "PERSON",
            "start": 81735,
            "end": 81741
        },
        {
            "text": "Algeria",
            "label": "GPE",
            "start": 81782,
            "end": 81789
        },
        {
            "text": "Morocco",
            "label": "GPE",
            "start": 81794,
            "end": 81801
        },
        {
            "text": "Western Sahara",
            "label": "LOC",
            "start": 81843,
            "end": 81857
        },
        {
            "text": "Malian Armed Forces",
            "label": "ORG",
            "start": 82022,
            "end": 82041
        },
        {
            "text": "this past year",
            "label": "DATE",
            "start": 82076,
            "end": 82090
        },
        {
            "text": "Libya",
            "label": "GPE",
            "start": 82124,
            "end": 82129
        },
        {
            "text": "Sub-Saharan Africa",
            "label": "ORG",
            "start": 82211,
            "end": 82229
        },
        {
            "text": "Tunisia",
            "label": "GPE",
            "start": 82335,
            "end": 82342
        },
        {
            "text": "32 |",
            "label": "TIME",
            "start": 82400,
            "end": 82404
        },
        {
            "text": "Bamako",
            "label": "ORG",
            "start": 82768,
            "end": 82774
        },
        {
            "text": "March",
            "label": "DATE",
            "start": 82901,
            "end": 82906
        },
        {
            "text": "Niger",
            "label": "PRODUCT",
            "start": 82908,
            "end": 82913
        },
        {
            "text": "East Africa Tensions",
            "label": "ORG",
            "start": 83154,
            "end": 83174
        },
        {
            "text": "Ethiopia",
            "label": "GPE",
            "start": 83183,
            "end": 83191
        },
        {
            "text": "Somaliland",
            "label": "GPE",
            "start": 83313,
            "end": 83323
        },
        {
            "text": "African Union",
            "label": "ORG",
            "start": 83427,
            "end": 83440
        },
        {
            "text": "Somali",
            "label": "NORP",
            "start": 83551,
            "end": 83557
        },
        {
            "text": "AU",
            "label": "NORP",
            "start": 83613,
            "end": 83615
        },
        {
            "text": "Sudan",
            "label": "GPE",
            "start": 83637,
            "end": 83642
        },
        {
            "text": "Central Africa",
            "label": "GPE",
            "start": 83918,
            "end": 83932
        },
        {
            "text": "the Democratic Republic of the Congo",
            "label": "GPE",
            "start": 84082,
            "end": 84118
        },
        {
            "text": "Rwanda",
            "label": "GPE",
            "start": 84129,
            "end": 84135
        },
        {
            "text": "Rwandan",
            "label": "NORP",
            "start": 84297,
            "end": 84304
        },
        {
            "text": "March 23",
            "label": "DATE",
            "start": 84312,
            "end": 84320
        },
        {
            "text": "M23",
            "label": "GPE",
            "start": 84331,
            "end": 84334
        },
        {
            "text": "Goma",
            "label": "PERSON",
            "start": 84369,
            "end": 84373
        },
        {
            "text": "late January",
            "label": "DATE",
            "start": 84377,
            "end": 84389
        },
        {
            "text": "Bukava",
            "label": "PERSON",
            "start": 84394,
            "end": 84400
        },
        {
            "text": "February",
            "label": "DATE",
            "start": 84404,
            "end": 84412
        },
        {
            "text": "the Central African Republic",
            "label": "LOC",
            "start": 84550,
            "end": 84578
        },
        {
            "text": "Vagner",
            "label": "PERSON",
            "start": 84637,
            "end": 84643
        },
        {
            "text": "the two months",
            "label": "DATE",
            "start": 84850,
            "end": 84864
        },
        {
            "text": "over a decade",
            "label": "DATE",
            "start": 85289,
            "end": 85302
        },
        {
            "text": "approximately 25 percent",
            "label": "PERCENT",
            "start": 85438,
            "end": 85462
        },
        {
            "text": "the Arctic Circle",
            "label": "LOC",
            "start": 85501,
            "end": 85518
        },
        {
            "text": "65 percent",
            "label": "PERCENT",
            "start": 85524,
            "end": 85534
        },
        {
            "text": "the Kola Peninsula",
            "label": "LOC",
            "start": 86021,
            "end": 86039
        },
        {
            "text": "only a few miles",
            "label": "QUANTITY",
            "start": 86055,
            "end": 86071
        },
        {
            "text": "Finnish",
            "label": "NORP",
            "start": 86081,
            "end": 86088
        },
        {
            "text": "at least 2018",
            "label": "DATE",
            "start": 86456,
            "end": 86469
        },
        {
            "text": "non-Arctic",
            "label": "NORP",
            "start": 86514,
            "end": 86524
        },
        {
            "text": "the Northern Sea Route",
            "label": "LOC",
            "start": 86761,
            "end": 86783
        },
        {
            "text": "the Southern Ocean",
            "label": "LOC",
            "start": 87032,
            "end": 87050
        },
        {
            "text": "Antarctica",
            "label": "LOC",
            "start": 87058,
            "end": 87068
        },
        {
            "text": "September 2023",
            "label": "DATE",
            "start": 87075,
            "end": 87089
        },
        {
            "text": "North Pole",
            "label": "LOC",
            "start": 87213,
            "end": 87223
        },
        {
            "text": "the Arctic region",
            "label": "LOC",
            "start": 87649,
            "end": 87666
        },
        {
            "text": "34 | 2025",
            "label": "QUANTITY",
            "start": 87668,
            "end": 87677
        },
        {
            "text": "late September 2024",
            "label": "DATE",
            "start": 88540,
            "end": 88559
        },
        {
            "text": "the Bering Strait",
            "label": "LOC",
            "start": 88631,
            "end": 88648
        },
        {
            "text": "the Chinese Coast Guard",
            "label": "ORG",
            "start": 88668,
            "end": 88691
        },
        {
            "text": "July 2024",
            "label": "DATE",
            "start": 88722,
            "end": 88731
        },
        {
            "text": "the Bering Sea",
            "label": "LOC",
            "start": 88788,
            "end": 88802
        },
        {
            "text": "the Southern Hemisphere",
            "label": "LOC",
            "start": 89416,
            "end": 89439
        },
        {
            "text": "Antarctic",
            "label": "ORG",
            "start": 89463,
            "end": 89472
        },
        {
            "text": "five",
            "label": "CARDINAL",
            "start": 89554,
            "end": 89558
        },
        {
            "text": "New Zealand",
            "label": "GPE",
            "start": 89874,
            "end": 89885
        },
        {
            "text": "35",
            "label": "CARDINAL",
            "start": 89917,
            "end": 89919
        },
        {
            "text": "DoD",
            "label": "ORG",
            "start": 90544,
            "end": 90547
        },
        {
            "text": "Safe City",
            "label": "GPE",
            "start": 91054,
            "end": 91063
        },
        {
            "text": "Smart",
            "label": "ORG",
            "start": 91199,
            "end": 91204
        },
        {
            "text": "36 | 2025",
            "label": "CARDINAL",
            "start": 91527,
            "end": 91536
        },
        {
            "text": "Quantum",
            "label": "ORG",
            "start": 93862,
            "end": 93869
        },
        {
            "text": "quantum computing",
            "label": "ORG",
            "start": 93893,
            "end": 93910
        },
        {
            "text": "ISR",
            "label": "ORG",
            "start": 94062,
            "end": 94065
        },
        {
            "text": "37",
            "label": "CARDINAL",
            "start": 94247,
            "end": 94249
        },
        {
            "text": "this decade",
            "label": "DATE",
            "start": 94287,
            "end": 94298
        },
        {
            "text": "38 |",
            "label": "CARDINAL",
            "start": 95953,
            "end": 95957
        },
        {
            "text": "the African Union\u2019s Headquarters",
            "label": "ORG",
            "start": 97646,
            "end": 97678
        },
        {
            "text": "the Africa Center for Disease Control and Prevention",
            "label": "ORG",
            "start": 97682,
            "end": 97734
        },
        {
            "text": "39",
            "label": "CARDINAL",
            "start": 97766,
            "end": 97768
        },
        {
            "text": "5759040MTIR",
            "label": "CARDINAL",
            "start": 97849,
            "end": 97860
        }
    ],
    "threat_actors": [
        "CY Armed Services Subcommittee on Intelligence and Special Operations",
        "Jeffrey Kru",
        "U",
        "S. AirFo rce DIR ECTOR",
        "DEF ENSE INT",
        "NCE AG",
        "Jackson",
        "Ranking",
        "Crow",
        "Committee",
        "the Defense Intelligence Agency\u2019s",
        "DIA",
        "Congress",
        "DEFENSE INTELLIGENCE AGENCY",
        "CONTENTS National Security Threats Expanding Fueled",
        "Advanced Technology",
        "Unmanned Systems",
        "Cartels",
        "Drug Trafficking",
        "Counterspace Capabilities",
        "Cyberspace Capabilities",
        "Global Military Operations",
        "Russia 12 Trajectory",
        "Modernization",
        "Destabilization Campaign",
        "Hizballah",
        "HAMAS",
        "Missile Development and WMD",
        "ISIS",
        "Al-Qa\u2019ida",
        "Central and Southern Africa",
        "The Polar Regions Foreign Intelligence Threats Advanced Technology Global Health and Biodefense",
        "quantum sciences",
        "Missile Threat U.S.",
        "Al-Qa\u2019ida\u2019s",
        "UxS",
        "the U.S. Homeland",
        "U.S. Customs and Border Protection",
        "Drug Trafficking The Gulf Cartel",
        "Sinaloa Cartel",
        "The Juarez Cartel",
        "MS-13 and Tren de Aragua",
        "Cocaine",
        "the United Nations",
        "the Association of Southeast Asian Nations",
        "UAVs",
        "SU-35",
        "SLV",
        "Xi Jinping",
        "the Indo-Pacific region",
        "People\u2019s Liberation Army",
        "PLA",
        "The PLA Navy",
        "PLAN",
        "SCS",
        "Aerospace Force",
        "Cyberspace Force",
        "Joint Logistic Support Force",
        "the Central Military Commission",
        "PLA Air Force",
        "The PLA Rocket Force",
        "J-10",
        "UN",
        "Xi",
        "PLA Rocket Force",
        "China\u2019s Military Commission",
        "Gen He Weidong",
        "Command, Control, Communications, Computers",
        "Cyber, Intelligence, Surveillance, Reconnaissance",
        "Starlink",
        "Global Positioning System",
        "the Ministry of State Security",
        "U.S. Government",
        "the U.S. Government",
        "China Coast Guard",
        "Training Center",
        "Ministry of National Defense",
        "RUSSIA",
        "Vladimir Putin",
        "Putin",
        "the North Atlantic Treaty Organization",
        "NATO",
        "Kyiv",
        "Zaporizhzhia",
        "Kherson Oblasts",
        "Luhansk Oblasts",
        "Kursk",
        "Modernization Russia\u2019s",
        "The Russian Navy",
        "Navy",
        "The Russian navy",
        "Pacific Fleet",
        "Russia\u2019s Aerospace Forces",
        "Aerospace Forces",
        "the Russian Foreign Intelligence Service",
        "Microsoft",
        "the Cyber Army of",
        "Russia Reborn",
        "Counterspace Capabilities Many",
        "the 1967 Outer Space Treaty\u2019s",
        "Indo-Pacific",
        "Union State Treaty",
        "Belarus",
        "Armenia",
        "the Collective Security Treaty Organization",
        "the Georgia Dream",
        "Commonwealth of Independent States",
        "Shanghai Cooperation Organization",
        "Sahel",
        "post-Asad Syria",
        "Qods Force",
        "Axis of Resistance",
        "Iranian Military Activity",
        "UAV",
        "IRGC-QF",
        "Qasem Soleimani",
        "International Atomic Energy Agency",
        "Fordow Fuel Enrichment Plant",
        "Hizballah Hizballah\u2019s",
        "Hassan Nasrallah",
        "IDF",
        "Huthi",
        "Kim Jong Un",
        "The Korean People\u2019s Army",
        "KPA",
        "The KPA Special Operations Force",
        "the Indo-Pacific",
        "Kim",
        "LATIN AMERICA",
        "the UN Multinational Security Support",
        "MSS",
        "Dina Boluarte",
        "The Islamic State of Iraq",
        "ISIS\u2019s",
        "al-Qa\u2019ida\u2019s",
        "Asad",
        "al-Qa\u2019ida",
        "ISIS-Khorasan",
        "Taliban",
        "ISIS-Somalia",
        "the Hayat Tahrir al-Sham",
        "Ayman al-Zawahiri",
        "Sayf al-Adl",
        "al-Shabaab",
        "Al-Shabaab",
        "Hurras al-Din",
        "ASEAN",
        "Sabina Shoal",
        "Scarborough Reef",
        "China\u2019s Coast Guard",
        "CCG",
        "Philippine Navy",
        "Philippine Coast Guard",
        "Tehrik",
        "Jaysh al-Adl",
        "the Russia Ministry of Foreign Affairs",
        "Narenda Modi\u2019s",
        "New Dehli\u2019s",
        "Line of Actual Control",
        "Ladakh",
        "Hama",
        "the Syrian Arab Army",
        "Bashar al-Asad",
        "Ahmad Husayn al-Shara",
        "the Syrian Democratic Forces",
        "SDF",
        "the Kurdistan Workers\u2019 Party",
        "the UN Disengagement Observer Force",
        "ISF",
        "ISIS-Iraq",
        "China-Africa Cooperation",
        "Gabon",
        "Mozambique",
        "Mali",
        "Niger",
        "Salafi",
        "Malian Armed Forces",
        "Sub-Saharan Africa",
        "Bamako",
        "East Africa Tensions",
        "African Union",
        "Goma",
        "Bukava",
        "Vagner",
        "the Chinese Coast Guard",
        "Antarctic",
        "DoD",
        "Smart",
        "Quantum",
        "quantum computing",
        "ISR",
        "the African Union\u2019s Headquarters",
        "the Africa Center for Disease Control and Prevention"
    ],
    "html_metadata": {},
    "pdf_metadata": {},
    "normalized_vector": {
        "timestamp": "2025-07-03T11:04:24.550846Z",
        "hashes": [],
        "ips": [],
        "domains": [],
        "ttp_ids": [],
        "confidence": 90
    }
}