{
    "regex_iocs": {
        "ipv4": [
            "51.89.181.64",
            "8.8.8.8",
            "182.54.217.2",
            "144.76.136.153"
        ],
        "ipv6": [],
        "url": [],
        "md5": [],
        "sha1": [],
        "sha256": [],
        "attack_id": [
            "T1190",
            "T1059.001",
            "T1562.001",
            "T1105",
            "T1070.004",
            "T1136.001",
            "T1016.001",
            "T1053.005",
            "T1021.001",
            "T1078.001",
            "T1136.002",
            "T1090",
            "T1018",
            "T1098",
            "T1003.001",
            "T1190",
            "T1059.001",
            "T1098",
            "T1136.001",
            "T1136.002",
            "T1053.005",
            "T1078.001",
            "T1562.001",
            "T1070.004",
            "T1003.001",
            "T1555",
            "T1018",
            "T1016.001",
            "T1021.001",
            "T1090",
            "T1105"
        ]
    },
    "nlp_entities": [
        {
            "text": "Co-Authored",
            "label": "ORG",
            "start": 0,
            "end": 11
        },
        {
            "text": "November 16",
            "label": "DATE",
            "start": 48,
            "end": 59
        },
        {
            "text": "2022",
            "label": "DATE",
            "start": 61,
            "end": 65
        },
        {
            "text": "Iranian Government-Sponsored APT Actors",
            "label": "ORG",
            "start": 66,
            "end": 105
        },
        {
            "text": "Crypto Miner",
            "label": "PERSON",
            "start": 141,
            "end": 153
        },
        {
            "text": "Credential Harvester",
            "label": "PERSON",
            "start": 155,
            "end": 175
        },
        {
            "text": "mid-June",
            "label": "DATE",
            "start": 189,
            "end": 197
        },
        {
            "text": "mid-July 2022",
            "label": "DATE",
            "start": 206,
            "end": 219
        },
        {
            "text": "CISA",
            "label": "ORG",
            "start": 221,
            "end": 225
        },
        {
            "text": "Federal Civilian Executive Branch",
            "label": "ORG",
            "start": 273,
            "end": 306
        },
        {
            "text": "FCEB",
            "label": "ORG",
            "start": 308,
            "end": 312
        },
        {
            "text": "APT",
            "label": "ORG",
            "start": 385,
            "end": 388
        },
        {
            "text": "Log4Shell",
            "label": "ORG",
            "start": 502,
            "end": 511
        },
        {
            "text": "VMware Horizon",
            "label": "PRODUCT",
            "start": 542,
            "end": 556
        },
        {
            "text": "XMRig",
            "label": "PRODUCT",
            "start": 575,
            "end": 580
        },
        {
            "text": "Ngrok",
            "label": "GPE",
            "start": 696,
            "end": 701
        },
        {
            "text": "the Federal Bureau of Investigation (FBI",
            "label": "ORG",
            "start": 769,
            "end": 809
        },
        {
            "text": "Iranian",
            "label": "NORP",
            "start": 859,
            "end": 866
        },
        {
            "text": "FBI",
            "label": "ORG",
            "start": 909,
            "end": 912
        },
        {
            "text": "this Cybersecurity Advisory",
            "label": "ORG",
            "start": 927,
            "end": 954
        },
        {
            "text": "CSA",
            "label": "ORG",
            "start": 956,
            "end": 959
        },
        {
            "text": "VMware",
            "label": "ORG",
            "start": 1230,
            "end": 1236
        },
        {
            "text": "CSA",
            "label": "GPE",
            "start": 1464,
            "end": 1467
        },
        {
            "text": "CISA",
            "label": "GPE",
            "start": 1469,
            "end": 1473
        },
        {
            "text": "DC",
            "label": "GPE",
            "start": 1596,
            "end": 1598
        },
        {
            "text": "Mitigations",
            "label": "NORP",
            "start": 1740,
            "end": 1751
        },
        {
            "text": "Iran",
            "label": "GPE",
            "start": 1923,
            "end": 1927
        },
        {
            "text": "155",
            "label": "CARDINAL",
            "start": 2059,
            "end": 2062
        },
        {
            "text": "CISA\u2019s",
            "label": "ORG",
            "start": 2215,
            "end": 2221
        },
        {
            "text": "888",
            "label": "CARDINAL",
            "start": 2268,
            "end": 2271
        },
        {
            "text": "282- 0870",
            "label": "DATE",
            "start": 2273,
            "end": 2282
        },
        {
            "text": "TLP",
            "label": "ORG",
            "start": 2604,
            "end": 2607
        },
        {
            "text": "the Traffic Light Protocol",
            "label": "ORG",
            "start": 2929,
            "end": 2955
        },
        {
            "text": "cisa.gov/tlp/. TLP",
            "label": "ORG",
            "start": 2961,
            "end": 2979
        },
        {
            "text": "FBI TECHNICAL",
            "label": "ORG",
            "start": 3007,
            "end": 3020
        },
        {
            "text": "12",
            "label": "CARDINAL",
            "start": 3105,
            "end": 3107
        },
        {
            "text": "the MITRE ATT&CK Tactics and Techniques",
            "label": "ORG",
            "start": 3113,
            "end": 3152
        },
        {
            "text": "April 2022",
            "label": "DATE",
            "start": 3327,
            "end": 3337
        },
        {
            "text": "IP",
            "label": "ORG",
            "start": 3621,
            "end": 3623
        },
        {
            "text": "44228",
            "label": "DATE",
            "start": 3703,
            "end": 3708
        },
        {
            "text": "VMware Horizon",
            "label": "NORP",
            "start": 3713,
            "end": 3727
        },
        {
            "text": "51.89.181[.]64",
            "label": "CARDINAL",
            "start": 4004,
            "end": 4018
        },
        {
            "text": "third",
            "label": "ORDINAL",
            "start": 4073,
            "end": 4078
        },
        {
            "text": "a Lightweight Directory Access Protocol",
            "label": "ORG",
            "start": 4114,
            "end": 4153
        },
        {
            "text": "443",
            "label": "CARDINAL",
            "start": 4294,
            "end": 4297
        },
        {
            "text": "DNS",
            "label": "ORG",
            "start": 4339,
            "end": 4342
        },
        {
            "text": "\u2019s DC",
            "label": "GPE",
            "start": 4947,
            "end": 4952
        },
        {
            "text": "February 2022",
            "label": "DATE",
            "start": 5110,
            "end": 5123
        },
        {
            "text": "Horizon",
            "label": "PRODUCT",
            "start": 5499,
            "end": 5506
        },
        {
            "text": "182.54.217[.]2",
            "label": "DATE",
            "start": 5611,
            "end": 5625
        },
        {
            "text": "17.6 seconds",
            "label": "TIME",
            "start": 5634,
            "end": 5646
        },
        {
            "text": "PowerShell",
            "label": "ORG",
            "start": 5694,
            "end": 5704
        },
        {
            "text": "Windows Defender",
            "label": "LOC",
            "start": 5757,
            "end": 5773
        },
        {
            "text": "Page 2",
            "label": "WORK_OF_ART",
            "start": 5999,
            "end": 6005
        },
        {
            "text": "14",
            "label": "CARDINAL",
            "start": 6009,
            "end": 6011
        },
        {
            "text": "mdeploy.text",
            "label": "ORG",
            "start": 6236,
            "end": 6248
        },
        {
            "text": "XMRig",
            "label": "ORG",
            "start": 6445,
            "end": 6450
        },
        {
            "text": "XMRig Miner",
            "label": "PERSON",
            "start": 6538,
            "end": 6549
        },
        {
            "text": "XMRig Miner \u25cf config.json",
            "label": "PERSON",
            "start": 6579,
            "end": 6604
        },
        {
            "text": "Windows",
            "label": "PRODUCT",
            "start": 7112,
            "end": 7119
        },
        {
            "text": "MAR",
            "label": "PERSON",
            "start": 7130,
            "end": 7133
        },
        {
            "text": "10387061-1.v1",
            "label": "DATE",
            "start": 7134,
            "end": 7147
        },
        {
            "text": "four",
            "label": "CARDINAL",
            "start": 7201,
            "end": 7205
        },
        {
            "text": "VMWare",
            "label": "ORG",
            "start": 7272,
            "end": 7278
        },
        {
            "text": "Windows",
            "label": "LOC",
            "start": 7344,
            "end": 7351
        },
        {
            "text": "DefaultAccount",
            "label": "ORG",
            "start": 7365,
            "end": 7379
        },
        {
            "text": "VDI",
            "label": "ORG",
            "start": 7431,
            "end": 7434
        },
        {
            "text": "around 30 megabytes",
            "label": "QUANTITY",
            "start": 7545,
            "end": 7564
        },
        {
            "text": "144.76.136[.]153",
            "label": "DATE",
            "start": 7616,
            "end": 7632
        },
        {
            "text": "Microsoft",
            "label": "ORG",
            "start": 7690,
            "end": 7699
        },
        {
            "text": "Mimikatz",
            "label": "PERSON",
            "start": 7741,
            "end": 7749
        },
        {
            "text": "the Graphical User Interface",
            "label": "ORG",
            "start": 8541,
            "end": 8569
        },
        {
            "text": "GUI",
            "label": "ORG",
            "start": 8571,
            "end": 8574
        },
        {
            "text": "Ngrok",
            "label": "PERSON",
            "start": 8672,
            "end": 8677
        },
        {
            "text": "HTTPS",
            "label": "ORG",
            "start": 8900,
            "end": 8905
        },
        {
            "text": "Page 3",
            "label": "LAW",
            "start": 8978,
            "end": 8984
        },
        {
            "text": "ngrok.*.tunnel[.]com",
            "label": "ORG",
            "start": 9253,
            "end": 9273
        },
        {
            "text": "the Active Directory",
            "label": "ORG",
            "start": 9462,
            "end": 9482
        },
        {
            "text": "Powershell.exe",
            "label": "ORG",
            "start": 9548,
            "end": 9562
        },
        {
            "text": "ipv4address &",
            "label": "ORG",
            "start": 9632,
            "end": 9645
        },
        {
            "text": "the Local Security Authority Subsystem Service",
            "label": "ORG",
            "start": 9904,
            "end": 9950
        },
        {
            "text": "MITRE ATT&CK TACTICS AND TECHNIQUES See",
            "label": "ORG",
            "start": 10080,
            "end": 10119
        },
        {
            "text": "1",
            "label": "CARDINAL",
            "start": 10126,
            "end": 10127
        },
        {
            "text": "VMware Horizon",
            "label": "PERSON",
            "start": 10557,
            "end": 10571
        },
        {
            "text": "Mitigation/Detection",
            "label": "ORG",
            "start": 10580,
            "end": 10600
        },
        {
            "text": "4",
            "label": "CARDINAL",
            "start": 10898,
            "end": 10899
        },
        {
            "text": "Execution Technique Title ID Use Recommendation Command and Scripting Interpreter",
            "label": "WORK_OF_ART",
            "start": 10964,
            "end": 11045
        },
        {
            "text": "M1042],[M1026",
            "label": "CARDINAL",
            "start": 11321,
            "end": 11334
        },
        {
            "text": "4738",
            "label": "DATE",
            "start": 11947,
            "end": 11951
        },
        {
            "text": "4728",
            "label": "DATE",
            "start": 11953,
            "end": 11957
        },
        {
            "text": "4670",
            "label": "CARDINAL",
            "start": 11963,
            "end": 11967
        },
        {
            "text": "Page 5",
            "label": "LAW",
            "start": 12324,
            "end": 12330
        },
        {
            "text": "Scheduled Task RuntimeBrokerServic e.exe",
            "label": "ORG",
            "start": 12590,
            "end": 12630
        },
        {
            "text": "Windows 10",
            "label": "LOC",
            "start": 13412,
            "end": 13422
        },
        {
            "text": "TaskScheduler",
            "label": "ORG",
            "start": 13596,
            "end": 13609
        },
        {
            "text": "6",
            "label": "CARDINAL",
            "start": 13823,
            "end": 13824
        },
        {
            "text": "Modify Tools",
            "label": "PERSON",
            "start": 14097,
            "end": 14109
        },
        {
            "text": "c:\\drive",
            "label": "ORG",
            "start": 14293,
            "end": 14301
        },
        {
            "text": "Removal",
            "label": "PERSON",
            "start": 14372,
            "end": 14379
        },
        {
            "text": "Windows Registry",
            "label": "ORG",
            "start": 14650,
            "end": 14666
        },
        {
            "text": "Defender",
            "label": "PERSON",
            "start": 14812,
            "end": 14820
        },
        {
            "text": "Windows and System",
            "label": "ORG",
            "start": 15026,
            "end": 15044
        },
        {
            "text": "Linux",
            "label": "GPE",
            "start": 15058,
            "end": 15063
        },
        {
            "text": "7",
            "label": "CARDINAL",
            "start": 15311,
            "end": 15312
        },
        {
            "text": "Windows 10",
            "label": "LAW",
            "start": 15630,
            "end": 15640
        },
        {
            "text": "Credential Guard",
            "label": "ORG",
            "start": 15687,
            "end": 15703
        },
        {
            "text": "LSA",
            "label": "ORG",
            "start": 15719,
            "end": 15722
        },
        {
            "text": "Attack Surface Reduction",
            "label": "ORG",
            "start": 15848,
            "end": 15872
        },
        {
            "text": "LSASS.exe",
            "label": "PERSON",
            "start": 16130,
            "end": 16139
        },
        {
            "text": "8",
            "label": "CARDINAL",
            "start": 16495,
            "end": 16496
        },
        {
            "text": "Password Stores",
            "label": "ORG",
            "start": 16564,
            "end": 16579
        },
        {
            "text": "FBI Mitigation: Organizations",
            "label": "ORG",
            "start": 16645,
            "end": 16674
        },
        {
            "text": "Discovery",
            "label": "PRODUCT",
            "start": 17317,
            "end": 17326
        },
        {
            "text": "9",
            "label": "CARDINAL",
            "start": 17916,
            "end": 17917
        },
        {
            "text": "FBI System Network Configuration Discovery",
            "label": "ORG",
            "start": 17978,
            "end": 18020
        },
        {
            "text": "Technique Title ID Use Recommendations Lateral Movement Remote Services",
            "label": "ORG",
            "start": 18495,
            "end": 18566
        },
        {
            "text": "MFA",
            "label": "ORG",
            "start": 18690,
            "end": 18693
        },
        {
            "text": "Logon Type",
            "label": "ORG",
            "start": 19169,
            "end": 19179
        },
        {
            "text": "10",
            "label": "CARDINAL",
            "start": 19180,
            "end": 19182
        },
        {
            "text": "Page 10",
            "label": "LAW",
            "start": 19360,
            "end": 19367
        },
        {
            "text": "Control Proxy",
            "label": "PERSON",
            "start": 19521,
            "end": 19534
        },
        {
            "text": "RDP",
            "label": "ORG",
            "start": 19572,
            "end": 19575
        },
        {
            "text": "C2",
            "label": "CARDINAL",
            "start": 19676,
            "end": 19678
        },
        {
            "text": "PsExec, Mimikatz",
            "label": "ORG",
            "start": 20284,
            "end": 20300
        },
        {
            "text": "1.",
            "label": "CARDINAL",
            "start": 20649,
            "end": 20651
        },
        {
            "text": "2",
            "label": "CARDINAL",
            "start": 20690,
            "end": 20691
        },
        {
            "text": "11",
            "label": "CARDINAL",
            "start": 20844,
            "end": 20846
        },
        {
            "text": "3",
            "label": "CARDINAL",
            "start": 20911,
            "end": 20912
        },
        {
            "text": "4.",
            "label": "CARDINAL",
            "start": 21156,
            "end": 21158
        },
        {
            "text": "855",
            "label": "CARDINAL",
            "start": 21324,
            "end": 21327
        },
        {
            "text": "292",
            "label": "CARDINAL",
            "start": 21329,
            "end": 21332
        },
        {
            "text": "MITIGATIONS CISA",
            "label": "ORG",
            "start": 21371,
            "end": 21387
        },
        {
            "text": "UAG",
            "label": "ORG",
            "start": 21612,
            "end": 21615
        },
        {
            "text": "December 2021",
            "label": "DATE",
            "start": 21768,
            "end": 21781
        },
        {
            "text": "VMware Horizon",
            "label": "ORG",
            "start": 21795,
            "end": 21809
        },
        {
            "text": "VMware Knowledge Base",
            "label": "PERSON",
            "start": 22051,
            "end": 22072
        },
        {
            "text": "KB",
            "label": "PERSON",
            "start": 22074,
            "end": 22076
        },
        {
            "text": "87073",
            "label": "DATE",
            "start": 22078,
            "end": 22083
        },
        {
            "text": "Horizon",
            "label": "ORG",
            "start": 22110,
            "end": 22117
        },
        {
            "text": "DMZ",
            "label": "ORG",
            "start": 23231,
            "end": 23234
        },
        {
            "text": "WAFs",
            "label": "ORG",
            "start": 23487,
            "end": 23491
        },
        {
            "text": "IAM",
            "label": "ORG",
            "start": 23752,
            "end": 23755
        },
        {
            "text": "Windows 10 version 1607",
            "label": "PRODUCT",
            "start": 24038,
            "end": 24061
        },
        {
            "text": "Windows Server",
            "label": "LOC",
            "start": 24065,
            "end": 24079
        },
        {
            "text": "2016",
            "label": "DATE",
            "start": 24080,
            "end": 24084
        },
        {
            "text": "Windows DefaultAccount",
            "label": "LOC",
            "start": 24114,
            "end": 24136
        },
        {
            "text": "the Default System Managed Account",
            "label": "ORG",
            "start": 24152,
            "end": 24186
        },
        {
            "text": "Kerberos Ticket Granting Service",
            "label": "ORG",
            "start": 24240,
            "end": 24272
        },
        {
            "text": "Windows 8",
            "label": "DATE",
            "start": 25207,
            "end": 25216
        },
        {
            "text": "Microsoft Security Advisory Update",
            "label": "ORG",
            "start": 25271,
            "end": 25305
        },
        {
            "text": "Improve Credentials Protection and Management",
            "label": "ORG",
            "start": 25309,
            "end": 25354
        },
        {
            "text": "NTLM",
            "label": "ORG",
            "start": 25389,
            "end": 25393
        },
        {
            "text": "WDigest Authentication",
            "label": "ORG",
            "start": 25398,
            "end": 25420
        },
        {
            "text": "Implement Credential Guard",
            "label": "ORG",
            "start": 25424,
            "end": 25450
        },
        {
            "text": "Manage Windows Defender Credential Guard",
            "label": "ORG",
            "start": 25503,
            "end": 25543
        },
        {
            "text": "Protected Process Light for Local Security Authority",
            "label": "ORG",
            "start": 25601,
            "end": 25653
        },
        {
            "text": "Kerberos\u2019 TGS",
            "label": "WORK_OF_ART",
            "start": 25802,
            "end": 25815
        },
        {
            "text": "VALIDATE SECURITY CONTROLS",
            "label": "ORG",
            "start": 25898,
            "end": 25924
        },
        {
            "text": "the MITRE ATT&CK for Enterprise",
            "label": "ORG",
            "start": 26097,
            "end": 26128
        },
        {
            "text": "ATT&CK",
            "label": "PERSON",
            "start": 26269,
            "end": 26275
        },
        {
            "text": "13",
            "label": "CARDINAL",
            "start": 26320,
            "end": 26322
        },
        {
            "text": "3.",
            "label": "CARDINAL",
            "start": 26534,
            "end": 26536
        },
        {
            "text": "5",
            "label": "CARDINAL",
            "start": 26650,
            "end": 26651
        },
        {
            "text": "6.",
            "label": "CARDINAL",
            "start": 26753,
            "end": 26755
        },
        {
            "text": "Ngrok Page",
            "label": "PERSON",
            "start": 27126,
            "end": 27136
        }
    ],
    "threat_actors": [
        "Co-Authored",
        "Iranian Government-Sponsored APT Actors",
        "Crypto Miner",
        "Credential Harvester",
        "CISA",
        "Federal Civilian Executive Branch",
        "FCEB",
        "APT",
        "Log4Shell",
        "VMware Horizon",
        "XMRig",
        "the Federal Bureau of Investigation (FBI",
        "FBI",
        "this Cybersecurity Advisory",
        "CSA",
        "VMware",
        "CISA\u2019s",
        "TLP",
        "the Traffic Light Protocol",
        "cisa.gov/tlp/. TLP",
        "FBI TECHNICAL",
        "the MITRE ATT&CK Tactics and Techniques",
        "IP",
        "a Lightweight Directory Access Protocol",
        "DNS",
        "Horizon",
        "PowerShell",
        "mdeploy.text",
        "XMRig Miner",
        "XMRig Miner \u25cf config.json",
        "Windows",
        "MAR",
        "VMWare",
        "DefaultAccount",
        "VDI",
        "Microsoft",
        "Mimikatz",
        "the Graphical User Interface",
        "GUI",
        "Ngrok",
        "HTTPS",
        "ngrok.*.tunnel[.]com",
        "the Active Directory",
        "Powershell.exe",
        "ipv4address &",
        "the Local Security Authority Subsystem Service",
        "MITRE ATT&CK TACTICS AND TECHNIQUES See",
        "Mitigation/Detection",
        "Scheduled Task RuntimeBrokerServic e.exe",
        "TaskScheduler",
        "Modify Tools",
        "c:\\drive",
        "Removal",
        "Windows Registry",
        "Defender",
        "Windows and System",
        "Credential Guard",
        "LSA",
        "Attack Surface Reduction",
        "LSASS.exe",
        "Password Stores",
        "FBI Mitigation: Organizations",
        "Discovery",
        "FBI System Network Configuration Discovery",
        "Technique Title ID Use Recommendations Lateral Movement Remote Services",
        "MFA",
        "Logon Type",
        "Control Proxy",
        "RDP",
        "PsExec, Mimikatz",
        "MITIGATIONS CISA",
        "UAG",
        "VMware Knowledge Base",
        "KB",
        "DMZ",
        "WAFs",
        "IAM",
        "Windows 10 version 1607",
        "the Default System Managed Account",
        "Kerberos Ticket Granting Service",
        "Microsoft Security Advisory Update",
        "Improve Credentials Protection and Management",
        "NTLM",
        "WDigest Authentication",
        "Implement Credential Guard",
        "Manage Windows Defender Credential Guard",
        "Protected Process Light for Local Security Authority",
        "VALIDATE SECURITY CONTROLS",
        "the MITRE ATT&CK for Enterprise",
        "ATT&CK",
        "Ngrok Page"
    ],
    "html_metadata": {},
    "pdf_metadata": {},
    "normalized_vector": {
        "timestamp": "2025-07-03T11:06:06.927197Z",
        "hashes": [],
        "ips": [
            "51.89.181.64",
            "8.8.8.8",
            "182.54.217.2",
            "144.76.136.153"
        ],
        "domains": [],
        "ttp_ids": [
            "T1190",
            "T1059.001",
            "T1562.001",
            "T1105",
            "T1070.004",
            "T1136.001",
            "T1016.001",
            "T1053.005",
            "T1021.001",
            "T1078.001",
            "T1136.002",
            "T1090",
            "T1018",
            "T1098",
            "T1003.001",
            "T1190",
            "T1059.001",
            "T1098",
            "T1136.001",
            "T1136.002",
            "T1053.005",
            "T1078.001",
            "T1562.001",
            "T1070.004",
            "T1003.001",
            "T1555",
            "T1018",
            "T1016.001",
            "T1021.001",
            "T1090",
            "T1105"
        ],
        "confidence": 90
    }
}