{
    "regex_iocs": {
        "ipv4": [
            "182.54.217.2",
            "192.168.1.1"
        ],
        "ipv6": [],
        "url": [
            "https://malicious-domain.com/payload.exe"
        ],
        "md5": [
            "44d88612fea8a8f36de82e1278abb02f"
        ],
        "sha1": [
            "2fd4e1c67a2d28fced849ee1bb76e7391b93eb12"
        ],
        "sha256": [
            "9c56cc51b374f3d4e4517a1e15b0431d5071d81b492a13475e8a2c46542e5de9"
        ],
        "attack_id": [
            "T1566.002"
        ]
    },
    "nlp_entities": [
        {
            "text": "182.54.217[.]2",
            "label": "WORK_OF_ART",
            "start": 27,
            "end": 41
        },
        {
            "text": "44d88612fea8a8f36de82e1278abb02f",
            "label": "WORK_OF_ART",
            "start": 59,
            "end": 91
        },
        {
            "text": "2fd4e1c67a2d28fced849ee1bb76e7391b93eb12",
            "label": "CARDINAL",
            "start": 95,
            "end": 135
        },
        {
            "text": "HAMAS",
            "label": "ORG",
            "start": 322,
            "end": 327
        },
        {
            "text": "DarkComet",
            "label": "LAW",
            "start": 339,
            "end": 348
        },
        {
            "text": "2025-06-22",
            "label": "DATE",
            "start": 364,
            "end": 374
        }
    ],
    "threat_actors": [
        "HAMAS"
    ],
    "html_metadata": {},
    "pdf_metadata": {},
    "normalized_vector": {
        "timestamp": "2025-07-03T11:07:12.983522Z",
        "hashes": [
            "44d88612fea8a8f36de82e1278abb02f",
            "2fd4e1c67a2d28fced849ee1bb76e7391b93eb12",
            "9c56cc51b374f3d4e4517a1e15b0431d5071d81b492a13475e8a2c46542e5de9"
        ],
        "ips": [
            "182.54.217.2",
            "192.168.1.1"
        ],
        "domains": [],
        "ttp_ids": [
            "T1566.002"
        ],
        "confidence": 90
    }
}