{
    "regex_iocs": {
        "ipv4": [],
        "ipv6": [],
        "url": [],
        "md5": [],
        "sha1": [],
        "sha256": [],
        "attack_id": []
    },
    "nlp_entities": [
        {
            "text": "This Secure by Design Alert",
            "label": "ORG",
            "start": 166,
            "end": 193
        },
        {
            "text": "The Secure by Design",
            "label": "ORG",
            "start": 385,
            "end": 405
        },
        {
            "text": "Secure by Design",
            "label": "ORG",
            "start": 614,
            "end": 630
        },
        {
            "text": "the Secure by Design Pledge",
            "label": "ORG",
            "start": 637,
            "end": 664
        },
        {
            "text": "The Cybersecurity and Infrastructure Security Agency",
            "label": "ORG",
            "start": 858,
            "end": 910
        },
        {
            "text": "Federal Bureau of Investigation (",
            "label": "ORG",
            "start": 922,
            "end": 955
        },
        {
            "text": "FBI",
            "label": "ORG",
            "start": 955,
            "end": 958
        },
        {
            "text": "Alert",
            "label": "PERSON",
            "start": 1509,
            "end": 1514
        },
        {
            "text": "CISA",
            "label": "GPE",
            "start": 1815,
            "end": 1819
        },
        {
            "text": "others1",
            "label": "ORG",
            "start": 1830,
            "end": 1837
        },
        {
            "text": "twenty years",
            "label": "DATE",
            "start": 1944,
            "end": 1956
        },
        {
            "text": "CISA",
            "label": "ORG",
            "start": 2132,
            "end": 2136
        },
        {
            "text": "CWE-119",
            "label": "ORG",
            "start": 2826,
            "end": 2833
        },
        {
            "text": "two",
            "label": "CARDINAL",
            "start": 2999,
            "end": 3002
        },
        {
            "text": "CVE-2025",
            "label": "ORG",
            "start": 3564,
            "end": 3572
        },
        {
            "text": "CVE-2024-49138",
            "label": "ORG",
            "start": 3597,
            "end": 3611
        },
        {
            "text": "CVE-2024-38812",
            "label": "ORG",
            "start": 3614,
            "end": 3628
        },
        {
            "text": "TLP",
            "label": "ORG",
            "start": 3653,
            "end": 3656
        },
        {
            "text": "the Traffic Light Protocol",
            "label": "ORG",
            "start": 3978,
            "end": 4004
        },
        {
            "text": "February 11, 2025",
            "label": "DATE",
            "start": 4101,
            "end": 4118
        },
        {
            "text": "CVE-2023-6549",
            "label": "ORG",
            "start": 4199,
            "end": 4212
        },
        {
            "text": "CVE-2022-0185",
            "label": "ORG",
            "start": 4215,
            "end": 4228
        },
        {
            "text": "Software",
            "label": "ORG",
            "start": 4914,
            "end": 4922
        },
        {
            "text": "SBOM",
            "label": "ORG",
            "start": 4942,
            "end": 4946
        },
        {
            "text": "one",
            "label": "CARDINAL",
            "start": 5712,
            "end": 5715
        },
        {
            "text": "AddressSanitizer",
            "label": "PERSON",
            "start": 6729,
            "end": 6745
        },
        {
            "text": "MemorySanitizer",
            "label": "PERSON",
            "start": 6750,
            "end": 6765
        },
        {
            "text": "February 11, 2025 2",
            "label": "DATE",
            "start": 8217,
            "end": 8236
        },
        {
            "text": "The Case for Memory Safe Roadmaps, Exploring Memory Safety in Critical Open Source Projects",
            "label": "WORK_OF_ART",
            "start": 8843,
            "end": 8934
        },
        {
            "text": "Product Security Bad Practices",
            "label": "WORK_OF_ART",
            "start": 8940,
            "end": 8970
        },
        {
            "text": "White House Office",
            "label": "ORG",
            "start": 8974,
            "end": 8992
        },
        {
            "text": "Building Blocks",
            "label": "ORG",
            "start": 9045,
            "end": 9060
        },
        {
            "text": "National Security Agency\u2019s",
            "label": "ORG",
            "start": 9071,
            "end": 9097
        },
        {
            "text": "NSA",
            "label": "ORG",
            "start": 9099,
            "end": 9102
        },
        {
            "text": "Google\u2019s Perspective on Memory Safety and Eliminating Memory Safety Vulnerabilities",
            "label": "ORG",
            "start": 9130,
            "end": 9213
        },
        {
            "text": "Microsoft",
            "label": "ORG",
            "start": 9229,
            "end": 9238
        },
        {
            "text": "Amazon Web Service\u2019s",
            "label": "ORG",
            "start": 9287,
            "end": 9307
        },
        {
            "text": "Mozilla\u2019s Implications of Rewriting a Browser Component",
            "label": "ORG",
            "start": 9344,
            "end": 9399
        },
        {
            "text": "17",
            "label": "CARDINAL",
            "start": 9556,
            "end": 9558
        },
        {
            "text": "1",
            "label": "CARDINAL",
            "start": 9616,
            "end": 9617
        },
        {
            "text": "2",
            "label": "CARDINAL",
            "start": 10333,
            "end": 10334
        },
        {
            "text": "the Common Vulnerabilities and Exposures",
            "label": "ORG",
            "start": 10590,
            "end": 10630
        },
        {
            "text": "Common Weakness Enumeration",
            "label": "ORG",
            "start": 10736,
            "end": 10763
        },
        {
            "text": "CWE",
            "label": "ORG",
            "start": 10765,
            "end": 10768
        },
        {
            "text": "VDP",
            "label": "ORG",
            "start": 11201,
            "end": 11204
        },
        {
            "text": "3",
            "label": "CARDINAL",
            "start": 11345,
            "end": 11346
        },
        {
            "text": "Build Organizational Structure and Leadership to Achieve These Goals Technology",
            "label": "LAW",
            "start": 11348,
            "end": 11427
        },
        {
            "text": "Google",
            "label": "ORG",
            "start": 11600,
            "end": 11606
        },
        {
            "text": "2019",
            "label": "DATE",
            "start": 11688,
            "end": 11692
        },
        {
            "text": "AWS",
            "label": "ORG",
            "start": 11972,
            "end": 11975
        },
        {
            "text": "Mozilla",
            "label": "PERSON",
            "start": 11981,
            "end": 11988
        },
        {
            "text": "February 11, 2025 3",
            "label": "DATE",
            "start": 12634,
            "end": 12653
        },
        {
            "text": "seven",
            "label": "CARDINAL",
            "start": 13007,
            "end": 13012
        },
        {
            "text": "25",
            "label": "CARDINAL",
            "start": 14326,
            "end": 14328
        },
        {
            "text": "See OWASP Foundation\u2019s",
            "label": "ORG",
            "start": 14420,
            "end": 14442
        },
        {
            "text": "Fortinet\u2019s What Is Buffer Overflow",
            "label": "ORG",
            "start": 14463,
            "end": 14497
        },
        {
            "text": "Types & Vulnerabilities",
            "label": "ORG",
            "start": 14508,
            "end": 14531
        },
        {
            "text": "4",
            "label": "CARDINAL",
            "start": 14533,
            "end": 14534
        },
        {
            "text": "800",
            "label": "CARDINAL",
            "start": 14571,
            "end": 14574
        },
        {
            "text": "Secure Software Development Framework",
            "label": "ORG",
            "start": 14580,
            "end": 14617
        },
        {
            "text": "1.1",
            "label": "CARDINAL",
            "start": 14633,
            "end": 14636
        },
        {
            "text": "5",
            "label": "CARDINAL",
            "start": 14819,
            "end": 14820
        },
        {
            "text": "See OWASP Foundation\u2019s Buffer Overflow",
            "label": "ORG",
            "start": 14821,
            "end": 14859
        },
        {
            "text": "6",
            "label": "CARDINAL",
            "start": 14861,
            "end": 14862
        },
        {
            "text": "Eliminating Memory",
            "label": "PERSON",
            "start": 14938,
            "end": 14956
        },
        {
            "text": "Android",
            "label": "ORG",
            "start": 15091,
            "end": 15098
        },
        {
            "text": "Red Flag Developer\u2019s Use Source-Level Annotations",
            "label": "FAC",
            "start": 15219,
            "end": 15268
        },
        {
            "text": "Help GCC Detect",
            "label": "ORG",
            "start": 15272,
            "end": 15287
        },
        {
            "text": "Use Compiler Flags",
            "label": "PERSON",
            "start": 15309,
            "end": 15327
        },
        {
            "text": "Stack Protection",
            "label": "ORG",
            "start": 15332,
            "end": 15348
        },
        {
            "text": "GCC",
            "label": "ORG",
            "start": 15352,
            "end": 15355
        },
        {
            "text": "Clang",
            "label": "GPE",
            "start": 15360,
            "end": 15365
        },
        {
            "text": "8",
            "label": "CARDINAL",
            "start": 15441,
            "end": 15442
        },
        {
            "text": "See OWASP Foundation\u2019s CWE-119",
            "label": "ORG",
            "start": 15443,
            "end": 15473
        },
        {
            "text": "9",
            "label": "CARDINAL",
            "start": 15475,
            "end": 15476
        },
        {
            "text": "10",
            "label": "CARDINAL",
            "start": 15494,
            "end": 15496
        },
        {
            "text": "11",
            "label": "CARDINAL",
            "start": 15567,
            "end": 15569
        },
        {
            "text": "February 11, 2025 4",
            "label": "DATE",
            "start": 15800,
            "end": 15819
        }
    ],
    "threat_actors": [
        "This Secure by Design Alert",
        "The Secure by Design",
        "Secure by Design",
        "the Secure by Design Pledge",
        "The Cybersecurity and Infrastructure Security Agency",
        "Federal Bureau of Investigation (",
        "FBI",
        "Alert",
        "others1",
        "CISA",
        "CWE-119",
        "CVE-2025",
        "CVE-2024-49138",
        "CVE-2024-38812",
        "TLP",
        "the Traffic Light Protocol",
        "CVE-2023-6549",
        "CVE-2022-0185",
        "Software",
        "SBOM",
        "AddressSanitizer",
        "MemorySanitizer",
        "White House Office",
        "Building Blocks",
        "National Security Agency\u2019s",
        "NSA",
        "Google\u2019s Perspective on Memory Safety and Eliminating Memory Safety Vulnerabilities",
        "Microsoft",
        "Amazon Web Service\u2019s",
        "Mozilla\u2019s Implications of Rewriting a Browser Component",
        "the Common Vulnerabilities and Exposures",
        "Common Weakness Enumeration",
        "CWE",
        "VDP",
        "Google",
        "AWS",
        "Mozilla",
        "See OWASP Foundation\u2019s",
        "Fortinet\u2019s What Is Buffer Overflow",
        "Types & Vulnerabilities",
        "Secure Software Development Framework",
        "See OWASP Foundation\u2019s Buffer Overflow",
        "Eliminating Memory",
        "Android",
        "Help GCC Detect",
        "Use Compiler Flags",
        "Stack Protection",
        "GCC",
        "See OWASP Foundation\u2019s CWE-119"
    ],
    "html_metadata": {},
    "pdf_metadata": {},
    "normalized_vector": {
        "timestamp": "2025-07-03T11:07:50.428925Z",
        "hashes": [],
        "ips": [],
        "domains": [],
        "ttp_ids": [],
        "confidence": 90
    }
}