{
    "regex_iocs": {
        "ipv4": [],
        "ipv6": [],
        "url": [
            "https://cwe.mitre.org/documents/unforgivable_vulns/unforgivable.pdf.",
            "https://github.com/OWASP/wstg/blob/master/document/4-Web_Application_Security_Testing/05-Authorization_Testing/01-",
            "https://cwe.mitre.org/top25/archive/2023/2023_top25_list.html,",
            "https://cwe.mitre.org/top25/archive/2023/2023_stubborn_weaknesses.html",
            "https://owasp.org/www-community/attacks/Path_Traversal.",
            "https://github.com/OWASP/wstg/blob/master/document/4-Web_Application_Security_Testing/05-Authorization_Testing/01-",
            "https://www.cisa.gov/vulnerability-disclosure-policy-template",
            "www.cisa.gov"
        ],
        "md5": [],
        "sha1": [],
        "sha256": [],
        "attack_id": []
    },
    "nlp_entities": [
        {
            "text": "Software",
            "label": "GPE",
            "start": 157,
            "end": 165
        },
        {
            "text": "two",
            "label": "CARDINAL",
            "start": 518,
            "end": 521
        },
        {
            "text": "FBI",
            "label": "ORG",
            "start": 678,
            "end": 681
        },
        {
            "text": "this Secure by Design Alert",
            "label": "ORG",
            "start": 696,
            "end": 723
        },
        {
            "text": "Healthcare",
            "label": "ORG",
            "start": 979,
            "end": 989
        },
        {
            "text": "decades",
            "label": "DATE",
            "start": 1092,
            "end": 1099
        },
        {
            "text": "55",
            "label": "CARDINAL",
            "start": 1168,
            "end": 1170
        },
        {
            "text": "the Known Exploited Vulnerabilities",
            "label": "ORG",
            "start": 1191,
            "end": 1226
        },
        {
            "text": "KEV",
            "label": "ORG",
            "start": 1228,
            "end": 1231
        },
        {
            "text": "Alert",
            "label": "PERSON",
            "start": 1261,
            "end": 1266
        },
        {
            "text": "CISA",
            "label": "ORG",
            "start": 1378,
            "end": 1382
        },
        {
            "text": "Known Exploited Vulnerabilities",
            "label": "ORG",
            "start": 1440,
            "end": 1471
        },
        {
            "text": "OWASP",
            "label": "ORG",
            "start": 1829,
            "end": 1834
        },
        {
            "text": "at least 2007",
            "label": "DATE",
            "start": 3049,
            "end": 3062
        },
        {
            "text": "25",
            "label": "CARDINAL",
            "start": 3237,
            "end": 3239
        },
        {
            "text": "2023.3",
            "label": "CARDINAL",
            "start": 3314,
            "end": 3320
        },
        {
            "text": "Steve Christey",
            "label": "PERSON",
            "start": 3421,
            "end": 3435
        },
        {
            "text": "The MITRE Corporation",
            "label": "ORG",
            "start": 3440,
            "end": 3461
        },
        {
            "text": "Unforgivable Vulnerabilities",
            "label": "WORK_OF_ART",
            "start": 3464,
            "end": 3492
        },
        {
            "text": "August 2, 2007",
            "label": "DATE",
            "start": 3495,
            "end": 3509
        },
        {
            "text": "2007",
            "label": "DATE",
            "start": 3583,
            "end": 3587
        },
        {
            "text": "today",
            "label": "DATE",
            "start": 3773,
            "end": 3778
        },
        {
            "text": "2",
            "label": "CARDINAL",
            "start": 3780,
            "end": 3781
        },
        {
            "text": "OWASP Web Security Testing Guide (",
            "label": "WORK_OF_ART",
            "start": 3826,
            "end": 3860
        },
        {
            "text": "WSTG",
            "label": "ORG",
            "start": 3860,
            "end": 3864
        },
        {
            "text": "July 2023",
            "label": "DATE",
            "start": 3888,
            "end": 3897
        },
        {
            "text": "2023",
            "label": "DATE",
            "start": 4061,
            "end": 4065
        },
        {
            "text": "CWE",
            "label": "ORG",
            "start": 4066,
            "end": 4069
        },
        {
            "text": "Stubborn Weaknesses",
            "label": "WORK_OF_ART",
            "start": 4113,
            "end": 4132
        },
        {
            "text": "25, 2023",
            "label": "DATE",
            "start": 4169,
            "end": 4177
        },
        {
            "text": "https://cwe.mitre.org/top25/archive/2023/2023_top25_list.html",
            "label": "GPE",
            "start": 4179,
            "end": 4240
        },
        {
            "text": "https://cwe.mitre.org/top25/archive/2023/2023_stubborn_weaknesses.html",
            "label": "PERSON",
            "start": 4242,
            "end": 4312
        },
        {
            "text": "May 2024",
            "label": "DATE",
            "start": 4388,
            "end": 4396
        },
        {
            "text": "4",
            "label": "CARDINAL",
            "start": 6033,
            "end": 6034
        },
        {
            "text": "three",
            "label": "CARDINAL",
            "start": 6471,
            "end": 6476
        },
        {
            "text": "1",
            "label": "CARDINAL",
            "start": 6630,
            "end": 6631
        },
        {
            "text": "millions",
            "label": "CARDINAL",
            "start": 6935,
            "end": 6943
        },
        {
            "text": "years",
            "label": "DATE",
            "start": 7075,
            "end": 7080
        },
        {
            "text": "Path Traversal",
            "label": "PERSON",
            "start": 8152,
            "end": 8166
        },
        {
            "text": "OWASP Foundation",
            "label": "ORG",
            "start": 8169,
            "end": 8185
        },
        {
            "text": "2020",
            "label": "DATE",
            "start": 8188,
            "end": 8192
        },
        {
            "text": "https://owasp.org/www-community/attacks/Path_Traversal",
            "label": "PERSON",
            "start": 8194,
            "end": 8248
        },
        {
            "text": "5",
            "label": "CARDINAL",
            "start": 8250,
            "end": 8251
        },
        {
            "text": "central@cisa.dhs.gov @CISAgov @CISACyber @FBI",
            "label": "WORK_OF_ART",
            "start": 8537,
            "end": 8582
        },
        {
            "text": "CVE",
            "label": "ORG",
            "start": 8997,
            "end": 9000
        },
        {
            "text": "6",
            "label": "CARDINAL",
            "start": 9341,
            "end": 9342
        },
        {
            "text": "Improper Limitation",
            "label": "PERSON",
            "start": 9402,
            "end": 9421
        },
        {
            "text": "a Restricted Directory",
            "label": "ORG",
            "start": 9439,
            "end": 9461
        },
        {
            "text": "Path Traversal'",
            "label": "PERSON",
            "start": 9464,
            "end": 9479
        },
        {
            "text": "VDP",
            "label": "ORG",
            "start": 9769,
            "end": 9772
        },
        {
            "text": "CISA7",
            "label": "PRODUCT",
            "start": 9889,
            "end": 9894
        },
        {
            "text": "3",
            "label": "CARDINAL",
            "start": 9906,
            "end": 9907
        },
        {
            "text": "Build Organizational Structure and Leadership to Achieve These Goals",
            "label": "LAW",
            "start": 9909,
            "end": 9977
        },
        {
            "text": "one",
            "label": "CARDINAL",
            "start": 11790,
            "end": 11793
        },
        {
            "text": "the Balance of Cybersecurity Risk:",
            "label": "ORG",
            "start": 12047,
            "end": 12081
        },
        {
            "text": "CISA\u2019s Secure by Design Alert",
            "label": "ORG",
            "start": 12404,
            "end": 12433
        },
        {
            "text": "Common Vulnerabilities and Exposures",
            "label": "ORG",
            "start": 12680,
            "end": 12716
        }
    ],
    "threat_actors": [
        "FBI",
        "this Secure by Design Alert",
        "Healthcare",
        "the Known Exploited Vulnerabilities",
        "KEV",
        "Alert",
        "CISA",
        "Known Exploited Vulnerabilities",
        "OWASP",
        "Steve Christey",
        "The MITRE Corporation",
        "WSTG",
        "CWE",
        "https://cwe.mitre.org/top25/archive/2023/2023_stubborn_weaknesses.html",
        "Path Traversal",
        "OWASP Foundation",
        "https://owasp.org/www-community/attacks/Path_Traversal",
        "CVE",
        "Improper Limitation",
        "a Restricted Directory",
        "Path Traversal'",
        "VDP",
        "CISA7",
        "the Balance of Cybersecurity Risk:",
        "CISA\u2019s Secure by Design Alert",
        "Common Vulnerabilities and Exposures"
    ],
    "html_metadata": {},
    "pdf_metadata": {},
    "normalized_vector": {
        "timestamp": "2025-07-03T11:05:56.365802Z",
        "hashes": [],
        "ips": [],
        "domains": [
            "www.cisa.gov"
        ],
        "ttp_ids": [],
        "confidence": 90
    }
}