{
    "regex_iocs": {
        "ipv4": [
            "182.54.217.2",
            "192.168.1.1"
        ],
        "ipv6": [
            "2001:0db8:85a3:0000:0000:8a2e:0370:7334"
        ],
        "url": [
            "https://malicious-domain.com/payload.exe"
        ],
        "md5": [
            "44d88612fea8a8f36de82e1278abb02f"
        ],
        "sha1": [
            "2fd4e1c67a2d28fced849ee1bb76e7391b93eb12"
        ],
        "sha256": [
            "9c56cc51b374f3d4e4517a1e15b0431d5071d81b492a13475e8a2c46542e5de9"
        ],
        "attack_id": [
            "T1566.002"
        ]
    },
    "nlp_entities": [
        {
            "text": "192.168.1.1",
            "label": "CARDINAL",
            "start": 70,
            "end": 81
        },
        {
            "text": "182.54.217[.]2",
            "label": "CARDINAL",
            "start": 99,
            "end": 113
        },
        {
            "text": "2001:0db8:85a3:0000:0000:8a2e:0370:7334",
            "label": "CARDINAL",
            "start": 122,
            "end": 161
        },
        {
            "text": "44d88612fea8a8f36de82e1278abb02f",
            "label": "CARDINAL",
            "start": 254,
            "end": 286
        },
        {
            "text": "2fd4e1c67a2d28fced849ee1bb76e7391b93eb12",
            "label": "CARDINAL",
            "start": 295,
            "end": 335
        },
        {
            "text": "9c56cc51b374f3d4e4517a1e15b0431d5071d81b492a13475e8a2c46542e5de9 - ATT&CK Technique",
            "label": "LAW",
            "start": 346,
            "end": 429
        },
        {
            "text": "HAMAS - Malware",
            "label": "ORG",
            "start": 457,
            "end": 472
        },
        {
            "text": "2025-06-22",
            "label": "DATE",
            "start": 508,
            "end": 518
        }
    ],
    "threat_actors": [
        "HAMAS - Malware"
    ],
    "html_metadata": {},
    "pdf_metadata": {},
    "normalized_vector": {
        "timestamp": "2025-07-03T11:08:23.311287Z",
        "hashes": [
            "44d88612fea8a8f36de82e1278abb02f",
            "2fd4e1c67a2d28fced849ee1bb76e7391b93eb12",
            "9c56cc51b374f3d4e4517a1e15b0431d5071d81b492a13475e8a2c46542e5de9"
        ],
        "ips": [
            "182.54.217.2",
            "192.168.1.1",
            "2001:0db8:85a3:0000:0000:8a2e:0370:7334"
        ],
        "domains": [],
        "ttp_ids": [
            "T1566.002"
        ],
        "confidence": 90
    }
}